Workbook
Name 라이센스유형: [1]코드표!$G$91:$G$98

Sheet 개발진척현황
A1: ◈ 누적 진척현황 | C1: 2017.03.02
A2: 업무구분 | C2: 총 본수 | D2: 개발 | K2: PL 검수 | R2: IT검수/승인 | Z2: TFT검수/승인 | AH2: 1차 | AI2: 2차
D3: 계획 | E3: 실적 | F3: 지연 | G3: 개발 시작 | H3: 당일 계획 | I3: 달성률 | J3: 완료율 | K3: 계획 | L3: Pass | N3: 지연 | O3: 결함 (L1) | P3: Pass율 (계획대비) | Q3: Pass율 (전체대비) | R3: 총본수 | S3: 계획 | T3: Pass | V3: 지연 | W3: 결함 (L1) | X3: Pass율 (계획대비) | Y3: Pass율 (전체대비) | Z3: 총본수 | AA3: 계획 | AB3: Pass | AD3: 지연 | AE3: 결함 (L1) | AF3: Pass율 (계획대비) | AG3: Pass율 (전체대비)
L4: L3 | M4: L2 | T4: L3 | U4: L2 | AB4: L3 | AC4: L2
A5: 마스터 | B5: 공통 | C5: =COUNTIFS(개발일정표!$A:$A,$A$5,개발일정표!$B:$B,$B5,개발일정표!$H:$H,"<>삭제") -> 20 | D5: =COUNTIFS(개발일정표!$A:$A,$A$5,개발일정표!$B:$B,$B5,개발일정표!$H:$H,"<>삭제",개발일정표!$J:$J,"<="&$C$1) -> 18 | E5: =COUNTIFS(개발일정표!$A:$A,$A$5,개발일정표!$B:$B,$B5,개발일정표!$H:$H,"<>삭제",개발일정표!$L:$L,"<="&$C$1) -> 9 | F5: =D5-E5 -> 9 | G5: =COUNTIFS(개발일정표!$A:$A,$A$5,개발일정표!$B:$B,$B5,개발일정표!$H:$H,"<>삭제",개발일정표!$K:$K,"<="&$C$1,개발일정표!$L:$L,"") -> 8 | H5: =COUNTIFS(개발일정표!$A:$A,$A$5,개발일정표!$B:$B,$B5,개발일정표!$H:$H,"<>삭제",개발일정표!$J:$J,"="&$C$1) -> 2 | I5: =IF(D5=0,0,E5/D5) -> 0.5 | J5: =IF(C5=0,0,E5/C5) -> 0.45 | K5: =COUNTIFS(개발일정표!$A:$A,$A$5,개발일정표!$B:$B,$B5,개발일정표!$H:$H,"<>삭제",개발일정표!$M:$M,"<>검수제외",개발일정표!$O:$O,"<="&$C$1) -> 0 | L5: =COUNTIFS(개발일정표!$A:$A,$A$5,개발일정표!$B:$B,$B5,개발일정표!$H:$H,"<>삭제",개발일정표!$M:$M,"<>검수제외",개발일정표!$R:$R,"=L3",개발일정표!$Q:$Q,"<="&$C$1)+COUNTIFS(개발일정표!$A:$A,$A$5,개발일정표!$B:$B,$B5,개발일정표!$H:$H,"<>삭제",개발일정표!$M:$M,"<>검수제외",개발일정표!$R:$R,"=L1",개발일정표!$S:$S,"=Y",개발일정표!$Q:$Q,"<="&$C$1)+COUNTIFS(개발일정표!$A:$A,$A$5,개발일정표!$B:$B,$B5,개발일정표!$H:$H,"<>삭제",개발일정표!$M:$M,"<>검수제외",개발일정표!$R:$R,"=L2",개발일정표!$S:$S,"=Y",개발일정표!$Q:$Q,"<="&$C$1) -> 0 | M5: =COUNTIFS(개발일정표!$A:$A,$A$5,개발일정표!$B:$B,$B5,개발일정표!$H:$H,"<>삭제",개발일정표!$M:$M,"<>검수제외",개발일정표!$R:$R,"=L2")-COUNTIFS(개발일정표!$A:$A,$A$5,개발일정표!$B:$B,$B5,개발일정표!$H:$H,"<>삭제",개발일정표!$M:$M,"<>검수제외",개발일정표!$R:$R,"=L2",개발일정표!$S:$S,"=Y",개발일정표!$Q:$Q,"<="&$C$1) -> 0 | N5: =K5-(L5+M5) -> 0 | O5: =COUNTIFS(개발일정표!$A:$A,$A$5,개발일정표!$B:$B,$B5,개발일정표!$H:$H,"<>삭제",개발일정표!$M:$M,"<>검수제외",개발일정표!$R:$R,"=L1")-COUNTIFS(개발일정표!$A:$A,$A$5,개발일정표!$B:$B,$B5,개발일정표!$H:$H,"<>삭제",개발일정표!$M:$M,"<>검수제외",개발일정표!$R:$R,"=L1",개발일정표!$S:$S,"=Y",개발일정표!$Q:$Q,"<="&$C$1) -> 0 | P5: =IF(K5=0, 0,(L5+M5)/K5) -> 0 | Q5: =IF(C5=0,0,(L5+M5)/C5) -> 0 | R5: =COUNTIFS(개발일정표!$A:$A,$A$5,개발일정표!$B:$B,$B5,개발일정표!$H:$H,"<>삭제",개발일정표!$T:$T,"<>검수제외") -> 20 | S5: =COUNTIFS(개발일정표!$A:$A,$A$5,개발일정표!$B:$B,$B5,개발일정표!$H:$H,"<>삭제",개발일정표!$T:$T,"<>검수제외",개발일정표!$V:$V,"<="&$C$1) -> 0 | T5: =COUNTIFS(개발일정표!$A:$A,$A$5,개발일정표!$B:$B,$B5,개발일정표!$H:$H,"<>삭제",개발일정표!$T:$T,"<>검수제외",개발일정표!$Y:$Y,"=L3",개발일정표!$X:$X,"<="&$C$1)+COUNTIFS(개발일정표!$A:$A,$A$5,개발일정표!$B:$B,$B5,개발일정표!$H:$H,"<>삭제",개발일정표!$T:$T,"<>검수제외",개발일정표!$Y:$Y,"=L1",개발일정표!$Z:$Z,"=Y",개발일정표!$X:$X,"<="&$C$1)+COUNTIFS(개발일정표!$A:$A,$A$5,개발일정표!$B:$B,$B5,개발일정표!$H:$H,"<>삭제",개발일정표!$T:$T,"<>검수제외",개발일정표!$Y:$Y,"=L2",개발일정표!$Z:$Z,"=Y",개발일정표!$X:$X,"<="&$C$1) -> 0 | U5: =COUNTIFS(개발일정표!$A:$A,$A$5,개발일정표!$B:$B,$B5,개발일정표!$H:$H,"<>삭제",개발일정표!$T:$T,"<>검수제외",개발일정표!$Y:$Y,"=L2")-COUNTIFS(개발일정표!$A:$A,$A$5,개발일정표!$B:$B,$B5,개발일정표!$H:$H,"<>삭제",개발일정표!$T:$T,"<>검수제외",개발일정표!$Y:$Y,"=L2",개발일정표!$Z:$Z,"=Y",개발일정표!$X:$X,"<="&$C$1) -> 0 | V5: =S5-(T5+U5) -> 0 | W5: =COUNTIFS(개발일정표!$A:$A,$A$5,개발일정표!$B:$B,$B5,개발일정표!$H:$H,"<>삭제",개발일정표!$T:$T,"<>검수제외",개발일정표!$Y:$Y,"=L1")-COUNTIFS(개발일정표!$A:$A,$A$5,개발일정표!$B:$B,$B5,개발일정표!$H:$H,"<>삭제",개발일정표!$T:$T,"<>검수제외",개발일정표!$Y:$Y,"=L1",개발일정표!$Z:$Z,"=Y",개발일정표!$X:$X,"<="&$C$1) -> 0 | X5: =IF(S5=0, 0,(T5+U5)/S5) -> 0 | Y5: =IF(R5=0,0,(T5+U5)/R5) -> 0 | Z5: =COUNTIFS(개발일정표!$A:$A,$A$5,개발일정표!$B:$B,$B5,개발일정표!$H:$H,"<>삭제",개발일정표!$AA:$AA,"<>검수제외") -> 20 | AA5: =COUNTIFS(개발일정표!$A:$A,$A$5,개발일정표!$B:$B,$B5,개발일정표!$H:$H,"<>삭제",개발일정표!$AA:$AA,"<>검수제외",개발일정표!$AC:$AC,"<="&$C$1) -> 0 | AB5: =COUNTIFS(개발일정표!$A:$A,$A$5,개발일정표!$B:$B,$B5,개발일정표!$H:$H,"<>삭제",개발일정표!$AA:$AA,"<>검수제외",개발일정표!$AF:$AF,"=L3",개발일정표!$AE:$AE,"<="&$C$1)+COUNTIFS(개발일정표!$A:$A,$A$5,개발일정표!$B:$B,$B5,개발일정표!$H:$H,"<>삭제",개발일정표!$AA:$AA,"<>검수제외",개발일정표!$AF:$AF,"=L1",개발일정표!$AG:$AG,"=Y",개발일정표!$AE:$AE,"<="&$C$1)+COUNTIFS(개발일정표!$A:$A,$A$5,개발일정표!$B:$B,$B5,개발일정표!$H:$H,"<>삭제",개발일정표!$AA:$AA,"<>검수제외",개발일정표!$AF:$AF,"=L2",개발일정표!$AG:$AG,"=Y",개발일정표!$AE:$AE,"<="&$C$1) -> 0 | AC5: =COUNTIFS(개발일정표!$A:$A,$A$5,개발일정표!$B:$B,$B5,개발일정표!$H:$H,"<>삭제",개발일정표!$AA:$AA,"<>검수제외",개발일정표!$AF:$AF,"=L2")-COUNTIFS(개발일정표!$A:$A,$A$5,개발일정표!$B:$B,$B5,개발일정표!$H:$H,"<>삭제",개발일정표!$AA:$AA,"<>검수제외",개발일정표!$AF:$AF,"=L2",개발일정표!$AG:$AG,"=Y",개발일정표!$AE:$AE,"<="&$C$1) -> 0 | AD5: =AA5-(AB5+AC5) -> 0 | AE5: =COUNTIFS(개발일정표!$A:$A,$A$5,개발일정표!$B:$B,$B5,개발일정표!$H:$H,"<>삭제",개발일정표!$AA:$AA,"<>검수제외",개발일정표!$AF:$AF,"=L1")-COUNTIFS(개발일정표!$A:$A,$A$5,개발일정표!$B:$B,$B5,개발일정표!$H:$H,"<>삭제",개발일정표!$AA:$AA,"<>검수제외",개발일정표!$AF:$AF,"=L1",개발일정표!$AG:$AG,"=Y",개발일정표!$AE:$AE,"<="&$C$1) -> 0 | AF5: =IF(AA5=0, 0,(AB5+AC5)/AA5) -> 0 | AG5: =IF(Z5=0,0,(AB5+AC5)/Z5) -> 0 | AH5: =COUNTIFS(개발일정표!$A:$A,$A$5,개발일정표!$B:$B,$B5,개발일정표!$H:$H,"<>삭제",개발일정표!$J:$J,"<>미정") -> 20 | AI5: =COUNTIFS(개발일정표!$A:$A,$A$5,개발일정표!$B:$B,$B5,개발일정표!$H:$H,"<>삭제",개발일정표!$J:$J,"=미정") -> 0
B6: 시스템 | C6: =COUNTIFS(개발일정표!$A:$A,$A$5,개발일정표!$B:$B,$B6,개발일정표!$H:$H,"<>삭제") -> 11 | D6: =COUNTIFS(개발일정표!$A:$A,$A$5,개발일정표!$B:$B,$B6,개발일정표!$H:$H,"<>삭제",개발일정표!$J:$J,"<="&$C$1) -> 0 | E6: =COUNTIFS(개발일정표!$A:$A,$A$5,개발일정표!$B:$B,$B6,개발일정표!$H:$H,"<>삭제",개발일정표!$L:$L,"<="&$C$1) -> 0 | F6: =D6-E6 -> 0 | G6: =COUNTIFS(개발일정표!$A:$A,$A$5,개발일정표!$B:$B,$B6,개발일정표!$H:$H,"<>삭제",개발일정표!$K:$K,"<="&$C$1,개발일정표!$L:$L,"") -> 0 | H6: =COUNTIFS(개발일정표!$A:$A,$A$5,개발일정표!$B:$B,$B6,개발일정표!$H:$H,"<>삭제",개발일정표!$J:$J,"="&$C$1) -> 0 | I6: =IF(D6=0,0,E6/D6) -> 0 | J6: =IF(C6=0,0,E6/C6) -> 0 | K6: =COUNTIFS(개발일정표!$A:$A,$A$5,개발일정표!$B:$B,$B6,개발일정표!$H:$H,"<>삭제",개발일정표!$M:$M,"<>검수제외",개발일정표!$O:$O,"<="&$C$1) -> 0 | L6: =COUNTIFS(개발일정표!$A:$A,$A$5,개발일정표!$B:$B,$B6,개발일정표!$H:$H,"<>삭제",개발일정표!$M:$M,"<>검수제외",개발일정표!$R:$R,"=L3",개발일정표!$Q:$Q,"<="&$C$1)+COUNTIFS(개발일정표!$A:$A,$A$5,개발일정표!$B:$B,$B6,개발일정표!$H:$H,"<>삭제",개발일정표!$M:$M,"<>검수제외",개발일정표!$R:$R,"=L1",개발일정표!$S:$S,"=Y",개발일정표!$Q:$Q,"<="&$C$1)+COUNTIFS(개발일정표!$A:$A,$A$5,개발일정표!$B:$B,$B6,개발일정표!$H:$H,"<>삭제",개발일정표!$M:$M,"<>검수제외",개발일정표!$R:$R,"=L2",개발일정표!$S:$S,"=Y",개발일정표!$Q:$Q,"<="&$C$1) -> 0 | M6: =COUNTIFS(개발일정표!$A:$A,$A$5,개발일정표!$B:$B,$B6,개발일정표!$H:$H,"<>삭제",개발일정표!$M:$M,"<>검수제외",개발일정표!$R:$R,"=L2")-COUNTIFS(개발일정표!$A:$A,$A$5,개발일정표!$B:$B,$B6,개발일정표!$H:$H,"<>삭제",개발일정표!$M:$M,"<>검수제외",개발일정표!$R:$R,"=L2",개발일정표!$S:$S,"=Y",개발일정표!$Q:$Q,"<="&$C$1) -> 0 | N6: =K6-(L6+M6) -> 0 | O6: =COUNTIFS(개발일정표!$A:$A,$A$5,개발일정표!$B:$B,$B6,개발일정표!$H:$H,"<>삭제",개발일정표!$M:$M,"<>검수제외",개발일정표!$R:$R,"=L1")-COUNTIFS(개발일정표!$A:$A,$A$5,개발일정표!$B:$B,$B6,개발일정표!$H:$H,"<>삭제",개발일정표!$M:$M,"<>검수제외",개발일정표!$R:$R,"=L1",개발일정표!$S:$S,"=Y",개발일정표!$Q:$Q,"<="&$C$1) -> 0 | P6: =IF(K6=0, 0,(L6+M6)/K6) -> 0 | Q6: =IF(C6=0,0,(L6+M6)/C6) -> 0 | R6: =COUNTIFS(개발일정표!$A:$A,$A$5,개발일정표!$B:$B,$B6,개발일정표!$H:$H,"<>삭제",개발일정표!$T:$T,"<>검수제외") -> 11 | S6: =COUNTIFS(개발일정표!$A:$A,$A$5,개발일정표!$B:$B,$B6,개발일정표!$H:$H,"<>삭제",개발일정표!$T:$T,"<>검수제외",개발일정표!$V:$V,"<="&$C$1) -> 0 | T6: =COUNTIFS(개발일정표!$A:$A,$A$5,개발일정표!$B:$B,$B6,개발일정표!$H:$H,"<>삭제",개발일정표!$T:$T,"<>검수제외",개발일정표!$Y:$Y,"=L3",개발일정표!$X:$X,"<="&$C$1)+COUNTIFS(개발일정표!$A:$A,$A$5,개발일정표!$B:$B,$B6,개발일정표!$H:$H,"<>삭제",개발일정표!$T:$T,"<>검수제외",개발일정표!$Y:$Y,"=L1",개발일정표!$Z:$Z,"=Y",개발일정표!$X:$X,"<="&$C$1)+COUNTIFS(개발일정표!$A:$A,$A$5,개발일정표!$B:$B,$B6,개발일정표!$H:$H,"<>삭제",개발일정표!$T:$T,"<>검수제외",개발일정표!$Y:$Y,"=L2",개발일정표!$Z:$Z,"=Y",개발일정표!$X:$X,"<="&$C$1) -> 0 | U6: =COUNTIFS(개발일정표!$A:$A,$A$5,개발일정표!$B:$B,$B6,개발일정표!$H:$H,"<>삭제",개발일정표!$T:$T,"<>검수제외",개발일정표!$Y:$Y,"=L2")-COUNTIFS(개발일정표!$A:$A,$A$5,개발일정표!$B:$B,$B6,개발일정표!$H:$H,"<>삭제",개발일정표!$T:$T,"<>검수제외",개발일정표!$Y:$Y,"=L2",개발일정표!$Z:$Z,"=Y",개발일정표!$X:$X,"<="&$C$1) -> 0 | V6: =S6-(T6+U6) -> 0 | W6: =COUNTIFS(개발일정표!$A:$A,$A$5,개발일정표!$B:$B,$B6,개발일정표!$H:$H,"<>삭제",개발일정표!$T:$T,"<>검수제외",개발일정표!$Y:$Y,"=L1")-COUNTIFS(개발일정표!$A:$A,$A$5,개발일정표!$B:$B,$B6,개발일정표!$H:$H,"<>삭제",개발일정표!$T:$T,"<>검수제외",개발일정표!$Y:$Y,"=L1",개발일정표!$Z:$Z,"=Y",개발일정표!$X:$X,"<="&$C$1) -> 0 | X6: =IF(S6=0, 0,(T6+U6)/S6) -> 0 | Y6: =IF(R6=0,0,(T6+U6)/R6) -> 0 | Z6: =COUNTIFS(개발일정표!$A:$A,$A$5,개발일정표!$B:$B,$B6,개발일정표!$H:$H,"<>삭제",개발일정표!$AA:$AA,"<>검수제외") -> 11 | AA6: =COUNTIFS(개발일정표!$A:$A,$A$5,개발일정표!$B:$B,$B6,개발일정표!$H:$H,"<>삭제",개발일정표!$AA:$AA,"<>검수제외",개발일정표!$AC:$AC,"<="&$C$1) -> 0 | AB6: =COUNTIFS(개발일정표!$A:$A,$A$5,개발일정표!$B:$B,$B6,개발일정표!$H:$H,"<>삭제",개발일정표!$AA:$AA,"<>검수제외",개발일정표!$AF:$AF,"=L3",개발일정표!$AE:$AE,"<="&$C$1)+COUNTIFS(개발일정표!$A:$A,$A$5,개발일정표!$B:$B,$B6,개발일정표!$H:$H,"<>삭제",개발일정표!$AA:$AA,"<>검수제외",개발일정표!$AF:$AF,"=L1",개발일정표!$AG:$AG,"=Y",개발일정표!$AE:$AE,"<="&$C$1)+COUNTIFS(개발일정표!$A:$A,$A$5,개발일정표!$B:$B,$B6,개발일정표!$H:$H,"<>삭제",개발일정표!$AA:$AA,"<>검수제외",개발일정표!$AF:$AF,"=L2",개발일정표!$AG:$AG,"=Y",개발일정표!$AE:$AE,"<="&$C$1) -> 0 | AC6: =COUNTIFS(개발일정표!$A:$A,$A$5,개발일정표!$B:$B,$B6,개발일정표!$H:$H,"<>삭제",개발일정표!$AA:$AA,"<>검수제외",개발일정표!$AF:$AF,"=L2")-COUNTIFS(개발일정표!$A:$A,$A$5,개발일정표!$B:$B,$B6,개발일정표!$H:$H,"<>삭제",개발일정표!$AA:$AA,"<>검수제외",개발일정표!$AF:$AF,"=L2",개발일정표!$AG:$AG,"=Y",개발일정표!$AE:$AE,"<="&$C$1) -> 0 | AD6: =AA6-(AB6+AC6) -> 0 | AE6: =COUNTIFS(개발일정표!$A:$A,$A$5,개발일정표!$B:$B,$B6,개발일정표!$H:$H,"<>삭제",개발일정표!$AA:$AA,"<>검수제외",개발일정표!$AF:$AF,"=L1")-COUNTIFS(개발일정표!$A:$A,$A$5,개발일정표!$B:$B,$B6,개발일정표!$H:$H,"<>삭제",개발일정표!$AA:$AA,"<>검수제외",개발일정표!$AF:$AF,"=L1",개발일정표!$AG:$AG,"=Y",개발일정표!$AE:$AE,"<="&$C$1) -> 0 | AF6: =IF(AA6=0, 0,(AB6+AC6)/AA6) -> 0 | AG6: =IF(Z6=0,0,(AB6+AC6)/Z6) -> 0 | AH6: =COUNTIFS(개발일정표!$A:$A,$A$5,개발일정표!$B:$B,$B6,개발일정표!$H:$H,"<>삭제",개발일정표!$J:$J,"<>미정") -> 0 | AI6: =COUNTIFS(개발일정표!$A:$A,$A$5,개발일정표!$B:$B,$B6,개발일정표!$H:$H,"<>삭제",개발일정표!$J:$J,"=미정") -> 11
B7: 소계 | C7: =SUM(C5:C6) -> 31 | D7: =SUM(D5:D6) -> 18 | E7: =SUM(E5:E6) -> 9 | F7: =SUM(F5:F6) -> 9 | G7: =SUM(G5:G6) -> 8 | H7: =SUM(H5:H6) -> 2 | I7: =IF(D7=0,0,E7/D7) -> 0.5 | J7: =IF(C7=0,0,E7/C7) -> 0.29032258 | K7: =SUM(K5:K6) -> 0 | L7: =SUM(L5:L6) -> 0 | M7: =SUM(M5:M6) -> 0 | N7: =SUM(N5:N6) -> 0 | O7: =SUM(O5:O6) -> 0 | P7: =IF(K7=0, 0,(L7+M7)/K7) -> 0 | Q7: =IF(C7=0,0,(L7+M7)/C7) -> 0 | R7: =SUM(R5:R6) -> 31 | S7: =SUM(S5:S6) -> 0 | T7: =SUM(T5:T6) -> 0 | U7: =SUM(U5:U6) -> 0 | V7: =SUM(V5:V6) -> 0 | W7: =SUM(W5:W6) -> 0 | X7: =IF(S7=0, 0,(T7+U7)/S7) -> 0 | Y7: =IF(R7=0,0,(T7+U7)/R7) -> 0 | Z7: =SUM(Z5:Z6) -> 31 | AA7: =SUM(AA5:AA6) -> 0 | AB7: =SUM(AB5:AB6) -> 0 | AC7: =SUM(AC5:AC6) -> 0 | AD7: =SUM(AD5:AD6) -> 0 | AE7: =SUM(AE5:AE6) -> 0 | AF7: =IF(AA7=0,0,(AB7+AC7)/AA7) -> 0 | AG7: =IF(Z7=0,0,(AB7+AC7)/Z7) -> 0 | AH7: =SUM(AH5:AH6) -> 20 | AI7: =SUM(AI5:AI6) -> 11
A8: 입고 | B8: 입하관리 | C8: =COUNTIFS(개발일정표!$A:$A,$A$8,개발일정표!$B:$B,$B8,개발일정표!$H:$H,"<>삭제") -> 6 | D8: =COUNTIFS(개발일정표!$A:$A,$A$8,개발일정표!$B:$B,$B8,개발일정표!$H:$H,"<>삭제",개발일정표!$J:$J,"<="&$C$1) -> 0 | E8: =COUNTIFS(개발일정표!$A:$A,$A$8,개발일정표!$B:$B,$B8,개발일정표!$H:$H,"<>삭제",개발일정표!$L:$L,"<="&$C$1) -> 0 | F8: =D8-E8 -> 0 | G8: =COUNTIFS(개발일정표!$A:$A,$A$8,개발일정표!$B:$B,$B8,개발일정표!$H:$H,"<>삭제",개발일정표!$K:$K,"<="&$C$1,개발일정표!$L:$L,"") -> 0 | H8: =COUNTIFS(개발일정표!$A:$A,$A$8,개발일정표!$B:$B,$B8,개발일정표!$H:$H,"<>삭제",개발일정표!$J:$J,"="&$C$1) -> 0 | I8: =IF(D8=0,0,E8/D8) -> 0 | J8: =IF(C8=0,0,E8/C8) -> 0 | K8: =COUNTIFS(개발일정표!$A:$A,$A$8,개발일정표!$B:$B,$B8,개발일정표!$H:$H,"<>삭제",개발일정표!$M:$M,"<>검수제외",개발일정표!$O:$O,"<="&$C$1) -> 0 | L8: =COUNTIFS(개발일정표!$A:$A,$A$8,개발일정표!$B:$B,$B8,개발일정표!$H:$H,"<>삭제",개발일정표!$M:$M,"<>검수제외",개발일정표!$R:$R,"=L3",개발일정표!$Q:$Q,"<="&$C$1)+COUNTIFS(개발일정표!$A:$A,$A$8,개발일정표!$B:$B,$B8,개발일정표!$H:$H,"<>삭제",개발일정표!$M:$M,"<>검수제외",개발일정표!$R:$R,"=L1",개발일정표!$S:$S,"=Y",개발일정표!$Q:$Q,"<="&$C$1)+COUNTIFS(개발일정표!$A:$A,$A$8,개발일정표!$B:$B,$B8,개발일정표!$H:$H,"<>삭제",개발일정표!$M:$M,"<>검수제외",개발일정표!$R:$R,"=L2",개발일정표!$S:$S,"=Y",개발일정표!$Q:$Q,"<="&$C$1) -> 0 | M8: =COUNTIFS(개발일정표!$A:$A,$A$8,개발일정표!$B:$B,$B8,개발일정표!$H:$H,"<>삭제",개발일정표!$M:$M,"<>검수제외",개발일정표!$R:$R,"=L2")-COUNTIFS(개발일정표!$A:$A,$A$8,개발일정표!$B:$B,$B8,개발일정표!$H:$H,"<>삭제",개발일정표!$M:$M,"<>검수제외",개발일정표!$R:$R,"=L2",개발일정표!$S:$S,"=Y",개발일정표!$Q:$Q,"<="&$C$1) -> 0 | N8: =K8-(L8+M8) -> 0 | O8: =COUNTIFS(개발일정표!$A:$A,$A$8,개발일정표!$B:$B,$B8,개발일정표!$H:$H,"<>삭제",개발일정표!$M:$M,"<>검수제외",개발일정표!$R:$R,"=L1")-COUNTIFS(개발일정표!$A:$A,$A$8,개발일정표!$B:$B,$B8,개발일정표!$H:$H,"<>삭제",개발일정표!$M:$M,"<>검수제외",개발일정표!$R:$R,"=L1",개발일정표!$S:$S,"=Y",개발일정표!$Q:$Q,"<="&$C$1) -> 0 | P8: =IF(K8=0, 0,(L8+M8)/K8) -> 0 | Q8: =IF(C8=0,0,(L8+M8)/C8) -> 0 | R8: =COUNTIFS(개발일정표!$A:$A,$A$8,개발일정표!$B:$B,$B8,개발일정표!$H:$H,"<>삭제",개발일정표!$T:$T,"<>검수제외") -> 6 | S8: =COUNTIFS(개발일정표!$A:$A,$A$8,개발일정표!$B:$B,$B8,개발일정표!$H:$H,"<>삭제",개발일정표!$T:$T,"<>검수제외",개발일정표!$V:$V,"<="&$C$1) -> 0 | T8: =COUNTIFS(개발일정표!$A:$A,$A$8,개발일정표!$B:$B,$B8,개발일정표!$H:$H,"<>삭제",개발일정표!$T:$T,"<>검수제외",개발일정표!$Y:$Y,"=L3",개발일정표!$X:$X,"<="&$C$1)+COUNTIFS(개발일정표!$A:$A,$A$8,개발일정표!$B:$B,$B8,개발일정표!$H:$H,"<>삭제",개발일정표!$T:$T,"<>검수제외",개발일정표!$Y:$Y,"=L1",개발일정표!$Z:$Z,"=Y",개발일정표!$X:$X,"<="&$C$1)+COUNTIFS(개발일정표!$A:$A,$A$8,개발일정표!$B:$B,$B8,개발일정표!$H:$H,"<>삭제",개발일정표!$T:$T,"<>검수제외",개발일정표!$Y:$Y,"=L2",개발일정표!$Z:$Z,"=Y",개발일정표!$X:$X,"<="&$C$1) -> 0 | U8: =COUNTIFS(개발일정표!$A:$A,$A$8,개발일정표!$B:$B,$B8,개발일정표!$H:$H,"<>삭제",개발일정표!$T:$T,"<>검수제외",개발일정표!$Y:$Y,"=L2")-COUNTIFS(개발일정표!$A:$A,$A$8,개발일정표!$B:$B,$B8,개발일정표!$H:$H,"<>삭제",개발일정표!$T:$T,"<>검수제외",개발일정표!$Y:$Y,"=L2",개발일정표!$Z:$Z,"=Y",개발일정표!$X:$X,"<="&$C$1) -> 0 | V8: =S8-(T8+U8) -> 0 | W8: =COUNTIFS(개발일정표!$A:$A,$A$8,개발일정표!$B:$B,$B8,개발일정표!$H:$H,"<>삭제",개발일정표!$T:$T,"<>검수제외",개발일정표!$Y:$Y,"=L1")-COUNTIFS(개발일정표!$A:$A,$A$8,개발일정표!$B:$B,$B8,개발일정표!$H:$H,"<>삭제",개발일정표!$T:$T,"<>검수제외",개발일정표!$Y:$Y,"=L1",개발일정표!$Z:$Z,"=Y",개발일정표!$X:$X,"<="&$C$1) -> 0 | X8: =IF(S8=0, 0,(T8+U8)/S8) -> 0 | Y8: =IF(R8=0,0,(T8+U8)/R8) -> 0 | Z8: =COUNTIFS(개발일정표!$A:$A,$A$8,개발일정표!$B:$B,$B8,개발일정표!$H:$H,"<>삭제",개발일정표!$AA:$AA,"<>검수제외") -> 6 | AA8: =COUNTIFS(개발일정표!$A:$A,$A$8,개발일정표!$B:$B,$B8,개발일정표!$H:$H,"<>삭제",개발일정표!$AA:$AA,"<>검수제외",개발일정표!$AC:$AC,"<="&$C$1) -> 0 | AB8: =COUNTIFS(개발일정표!$A:$A,$A$8,개발일정표!$B:$B,$B8,개발일정표!$H:$H,"<>삭제",개발일정표!$AA:$AA,"<>검수제외",개발일정표!$AF:$AF,"=L3",개발일정표!$AE:$AE,"<="&$C$1)+COUNTIFS(개발일정표!$A:$A,$A$8,개발일정표!$B:$B,$B8,개발일정표!$H:$H,"<>삭제",개발일정표!$AA:$AA,"<>검수제외",개발일정표!$AF:$AF,"=L1",개발일정표!$AG:$AG,"=Y",개발일정표!$AE:$AE,"<="&$C$1)+COUNTIFS(개발일정표!$A:$A,$A$8,개발일정표!$B:$B,$B8,개발일정표!$H:$H,"<>삭제",개발일정표!$AA:$AA,"<>검수제외",개발일정표!$AF:$AF,"=L2",개발일정표!$AG:$AG,"=Y",개발일정표!$AE:$AE,"<="&$C$1) -> 0 | AC8: =COUNTIFS(개발일정표!$A:$A,$A$8,개발일정표!$B:$B,$B8,개발일정표!$H:$H,"<>삭제",개발일정표!$AA:$AA,"<>검수제외",개발일정표!$AF:$AF,"=L2")-COUNTIFS(개발일정표!$A:$A,$A$8,개발일정표!$B:$B,$B8,개발일정표!$H:$H,"<>삭제",개발일정표!$AA:$AA,"<>검수제외",개발일정표!$AF:$AF,"=L2",개발일정표!$AG:$AG,"=Y",개발일정표!$AE:$AE,"<="&$C$1) -> 0 | AD8: =AA8-(AB8+AC8) -> 0 | AE8: =COUNTIFS(개발일정표!$A:$A,$A$8,개발일정표!$B:$B,$B8,개발일정표!$H:$H,"<>삭제",개발일정표!$AA:$AA,"<>검수제외",개발일정표!$AF:$AF,"=L1")-COUNTIFS(개발일정표!$A:$A,$A$8,개발일정표!$B:$B,$B8,개발일정표!$H:$H,"<>삭제",개발일정표!$AA:$AA,"<>검수제외",개발일정표!$AF:$AF,"=L1",개발일정표!$AG:$AG,"=Y",개발일정표!$AE:$AE,"<="&$C$1) -> 0 | AF8: =IF(AA8=0, 0,(AB8+AC8)/AA8) -> 0 | AG8: =IF(Z8=0,0,(AB8+AC8)/Z8) -> 0 | AH8: =COUNTIFS(개발일정표!$A:$A,$A$8,개발일정표!$B:$B,$B8,개발일정표!$H:$H,"<>삭제",개발일정표!$J:$J,"<>미정") -> 4 | AI8: =COUNTIFS(개발일정표!$A:$A,$A$8,개발일정표!$B:$B,$B8,개발일정표!$H:$H,"<>삭제",개발일정표!$J:$J,"=미정") -> 2
B9: 입고관리 | C9: =COUNTIFS(개발일정표!$A:$A,$A$8,개발일정표!$B:$B,$B9,개발일정표!$H:$H,"<>삭제") -> 5 | D9: =COUNTIFS(개발일정표!$A:$A,$A$8,개발일정표!$B:$B,$B9,개발일정표!$H:$H,"<>삭제",개발일정표!$J:$J,"<="&$C$1) -> 0 | E9: =COUNTIFS(개발일정표!$A:$A,$A$8,개발일정표!$B:$B,$B9,개발일정표!$H:$H,"<>삭제",개발일정표!$L:$L,"<="&$C$1) -> 0 | F9: =D9-E9 -> 0 | G9: =COUNTIFS(개발일정표!$A:$A,$A$8,개발일정표!$B:$B,$B9,개발일정표!$H:$H,"<>삭제",개발일정표!$K:$K,"<="&$C$1,개발일정표!$L:$L,"") -> 0 | H9: =COUNTIFS(개발일정표!$A:$A,$A$8,개발일정표!$B:$B,$B9,개발일정표!$H:$H,"<>삭제",개발일정표!$J:$J,"="&$C$1) -> 0 | I9: =IF(D9=0,0,E9/D9) -> 0 | J9: =IF(C9=0,0,E9/C9) -> 0 | K9: =COUNTIFS(개발일정표!$A:$A,$A$8,개발일정표!$B:$B,$B9,개발일정표!$H:$H,"<>삭제",개발일정표!$M:$M,"<>검수제외",개발일정표!$O:$O,"<="&$C$1) -> 0 | L9: =COUNTIFS(개발일정표!$A:$A,$A$8,개발일정표!$B:$B,$B9,개발일정표!$H:$H,"<>삭제",개발일정표!$M:$M,"<>검수제외",개발일정표!$R:$R,"=L3",개발일정표!$Q:$Q,"<="&$C$1)+COUNTIFS(개발일정표!$A:$A,$A$8,개발일정표!$B:$B,$B9,개발일정표!$H:$H,"<>삭제",개발일정표!$M:$M,"<>검수제외",개발일정표!$R:$R,"=L1",개발일정표!$S:$S,"=Y",개발일정표!$Q:$Q,"<="&$C$1)+COUNTIFS(개발일정표!$A:$A,$A$8,개발일정표!$B:$B,$B9,개발일정표!$H:$H,"<>삭제",개발일정표!$M:$M,"<>검수제외",개발일정표!$R:$R,"=L2",개발일정표!$S:$S,"=Y",개발일정표!$Q:$Q,"<="&$C$1) -> 0 | M9: =COUNTIFS(개발일정표!$A:$A,$A$8,개발일정표!$B:$B,$B9,개발일정표!$H:$H,"<>삭제",개발일정표!$M:$M,"<>검수제외",개발일정표!$R:$R,"=L2")-COUNTIFS(개발일정표!$A:$A,$A$8,개발일정표!$B:$B,$B9,개발일정표!$H:$H,"<>삭제",개발일정표!$M:$M,"<>검수제외",개발일정표!$R:$R,"=L2",개발일정표!$S:$S,"=Y",개발일정표!$Q:$Q,"<="&$C$1) -> 0 | N9: =K9-(L9+M9) -> 0 | O9: =COUNTIFS(개발일정표!$A:$A,$A$8,개발일정표!$B:$B,$B9,개발일정표!$H:$H,"<>삭제",개발일정표!$M:$M,"<>검수제외",개발일정표!$R:$R,"=L1")-COUNTIFS(개발일정표!$A:$A,$A$8,개발일정표!$B:$B,$B9,개발일정표!$H:$H,"<>삭제",개발일정표!$M:$M,"<>검수제외",개발일정표!$R:$R,"=L1",개발일정표!$S:$S,"=Y",개발일정표!$Q:$Q,"<="&$C$1) -> 0 | P9: =IF(K9=0, 0,(L9+M9)/K9) -> 0 | Q9: =IF(C9=0,0,(L9+M9)/C9) -> 0 | R9: =COUNTIFS(개발일정표!$A:$A,$A$8,개발일정표!$B:$B,$B9,개발일정표!$H:$H,"<>삭제",개발일정표!$T:$T,"<>검수제외") -> 5 | S9: =COUNTIFS(개발일정표!$A:$A,$A$8,개발일정표!$B:$B,$B9,개발일정표!$H:$H,"<>삭제",개발일정표!$T:$T,"<>검수제외",개발일정표!$V:$V,"<="&$C$1) -> 0 | T9: =COUNTIFS(개발일정표!$A:$A,$A$8,개발일정표!$B:$B,$B9,개발일정표!$H:$H,"<>삭제",개발일정표!$T:$T,"<>검수제외",개발일정표!$Y:$Y,"=L3",개발일정표!$X:$X,"<="&$C$1)+COUNTIFS(개발일정표!$A:$A,$A$8,개발일정표!$B:$B,$B9,개발일정표!$H:$H,"<>삭제",개발일정표!$T:$T,"<>검수제외",개발일정표!$Y:$Y,"=L1",개발일정표!$Z:$Z,"=Y",개발일정표!$X:$X,"<="&$C$1)+COUNTIFS(개발일정표!$A:$A,$A$8,개발일정표!$B:$B,$B9,개발일정표!$H:$H,"<>삭제",개발일정표!$T:$T,"<>검수제외",개발일정표!$Y:$Y,"=L2",개발일정표!$Z:$Z,"=Y",개발일정표!$X:$X,"<="&$C$1) -> 0 | U9: =COUNTIFS(개발일정표!$A:$A,$A$8,개발일정표!$B:$B,$B9,개발일정표!$H:$H,"<>삭제",개발일정표!$T:$T,"<>검수제외",개발일정표!$Y:$Y,"=L2")-COUNTIFS(개발일정표!$A:$A,$A$8,개발일정표!$B:$B,$B9,개발일정표!$H:$H,"<>삭제",개발일정표!$T:$T,"<>검수제외",개발일정표!$Y:$Y,"=L2",개발일정표!$Z:$Z,"=Y",개발일정표!$X:$X,"<="&$C$1) -> 0 | V9: =S9-(T9+U9) -> 0 | W9: =COUNTIFS(개발일정표!$A:$A,$A$8,개발일정표!$B:$B,$B9,개발일정표!$H:$H,"<>삭제",개발일정표!$T:$T,"<>검수제외",개발일정표!$Y:$Y,"=L1")-COUNTIFS(개발일정표!$A:$A,$A$8,개발일정표!$B:$B,$B9,개발일정표!$H:$H,"<>삭제",개발일정표!$T:$T,"<>검수제외",개발일정표!$Y:$Y,"=L1",개발일정표!$Z:$Z,"=Y",개발일정표!$X:$X,"<="&$C$1) -> 0 | X9: =IF(S9=0, 0,(T9+U9)/S9) -> 0 | Y9: =IF(R9=0,0,(T9+U9)/R9) -> 0 | Z9: =COUNTIFS(개발일정표!$A:$A,$A$8,개발일정표!$B:$B,$B9,개발일정표!$H:$H,"<>삭제",개발일정표!$AA:$AA,"<>검수제외") -> 5 | AA9: =COUNTIFS(개발일정표!$A:$A,$A$8,개발일정표!$B:$B,$B9,개발일정표!$H:$H,"<>삭제",개발일정표!$AA:$AA,"<>검수제외",개발일정표!$AC:$AC,"<="&$C$1) -> 0 | AB9: =COUNTIFS(개발일정표!$A:$A,$A$8,개발일정표!$B:$B,$B9,개발일정표!$H:$H,"<>삭제",개발일정표!$AA:$AA,"<>검수제외",개발일정표!$AF:$AF,"=L3",개발일정표!$AE:$AE,"<="&$C$1)+COUNTIFS(개발일정표!$A:$A,$A$8,개발일정표!$B:$B,$B9,개발일정표!$H:$H,"<>삭제",개발일정표!$AA:$AA,"<>검수제외",개발일정표!$AF:$AF,"=L1",개발일정표!$AG:$AG,"=Y",개발일정표!$AE:$AE,"<="&$C$1)+COUNTIFS(개발일정표!$A:$A,$A$8,개발일정표!$B:$B,$B9,개발일정표!$H:$H,"<>삭제",개발일정표!$AA:$AA,"<>검수제외",개발일정표!$AF:$AF,"=L2",개발일정표!$AG:$AG,"=Y",개발일정표!$AE:$AE,"<="&$C$1) -> 0 | AC9: =COUNTIFS(개발일정표!$A:$A,$A$8,개발일정표!$B:$B,$B9,개발일정표!$H:$H,"<>삭제",개발일정표!$AA:$AA,"<>검수제외",개발일정표!$AF:$AF,"=L2")-COUNTIFS(개발일정표!$A:$A,$A$8,개발일정표!$B:$B,$B9,개발일정표!$H:$H,"<>삭제",개발일정표!$AA:$AA,"<>검수제외",개발일정표!$AF:$AF,"=L2",개발일정표!$AG:$AG,"=Y",개발일정표!$AE:$AE,"<="&$C$1) -> 0 | AD9: =AA9-(AB9+AC9) -> 0 | AE9: =COUNTIFS(개발일정표!$A:$A,$A$8,개발일정표!$B:$B,$B9,개발일정표!$H:$H,"<>삭제",개발일정표!$AA:$AA,"<>검수제외",개발일정표!$AF:$AF,"=L1")-COUNTIFS(개발일정표!$A:$A,$A$8,개발일정표!$B:$B,$B9,개발일정표!$H:$H,"<>삭제",개발일정표!$AA:$AA,"<>검수제외",개발일정표!$AF:$AF,"=L1",개발일정표!$AG:$AG,"=Y",개발일정표!$AE:$AE,"<="&$C$1) -> 0 | AF9: =IF(AA9=0, 0,(AB9+AC9)/AA9) -> 0 | AG9: =IF(Z9=0,0,(AB9+AC9)/Z9) -> 0 | AH9: =COUNTIFS(개발일정표!$A:$A,$A$8,개발일정표!$B:$B,$B9,개발일정표!$H:$H,"<>삭제",개발일정표!$J:$J,"<>미정") -> 3 | AI9: =COUNTIFS(개발일정표!$A:$A,$A$8,개발일정표!$B:$B,$B9,개발일정표!$H:$H,"<>삭제",개발일정표!$J:$J,"=미정") -> 2
B10: 입고현황 | C10: =COUNTIFS(개발일정표!$A:$A,$A$8,개발일정표!$B:$B,$B10,개발일정표!$H:$H,"<>삭제") -> 3 | D10: =COUNTIFS(개발일정표!$A:$A,$A$8,개발일정표!$B:$B,$B10,개발일정표!$H:$H,"<>삭제",개발일정표!$J:$J,"<="&$C$1) -> 0 | E10: =COUNTIFS(개발일정표!$A:$A,$A$8,개발일정표!$B:$B,$B10,개발일정표!$H:$H,"<>삭제",개발일정표!$L:$L,"<="&$C$1) -> 0 | F10: =D10-E10 -> 0 | G10: =COUNTIFS(개발일정표!$A:$A,$A$8,개발일정표!$B:$B,$B10,개발일정표!$H:$H,"<>삭제",개발일정표!$K:$K,"<="&$C$1,개발일정표!$L:$L,"") -> 0 | H10: =COUNTIFS(개발일정표!$A:$A,$A$8,개발일정표!$B:$B,$B10,개발일정표!$H:$H,"<>삭제",개발일정표!$J:$J,"="&$C$1) -> 0 | I10: =IF(D10=0,0,E10/D10) -> 0 | J10: =IF(C10=0,0,E10/C10) -> 0 | K10: =COUNTIFS(개발일정표!$A:$A,$A$8,개발일정표!$B:$B,$B10,개발일정표!$H:$H,"<>삭제",개발일정표!$M:$M,"<>검수제외",개발일정표!$O:$O,"<="&$C$1) -> 0 | L10: =COUNTIFS(개발일정표!$A:$A,$A$8,개발일정표!$B:$B,$B10,개발일정표!$H:$H,"<>삭제",개발일정표!$M:$M,"<>검수제외",개발일정표!$R:$R,"=L3",개발일정표!$Q:$Q,"<="&$C$1)+COUNTIFS(개발일정표!$A:$A,$A$8,개발일정표!$B:$B,$B10,개발일정표!$H:$H,"<>삭제",개발일정표!$M:$M,"<>검수제외",개발일정표!$R:$R,"=L1",개발일정표!$S:$S,"=Y",개발일정표!$Q:$Q,"<="&$C$1)+COUNTIFS(개발일정표!$A:$A,$A$8,개발일정표!$B:$B,$B10,개발일정표!$H:$H,"<>삭제",개발일정표!$M:$M,"<>검수제외",개발일정표!$R:$R,"=L2",개발일정표!$S:$S,"=Y",개발일정표!$Q:$Q,"<="&$C$1) -> 0 | M10: =COUNTIFS(개발일정표!$A:$A,$A$8,개발일정표!$B:$B,$B10,개발일정표!$H:$H,"<>삭제",개발일정표!$M:$M,"<>검수제외",개발일정표!$R:$R,"=L2")-COUNTIFS(개발일정표!$A:$A,$A$8,개발일정표!$B:$B,$B10,개발일정표!$H:$H,"<>삭제",개발일정표!$M:$M,"<>검수제외",개발일정표!$R:$R,"=L2",개발일정표!$S:$S,"=Y",개발일정표!$Q:$Q,"<="&$C$1) -> 0 | N10: =K10-(L10+M10) -> 0 | O10: =COUNTIFS(개발일정표!$A:$A,$A$8,개발일정표!$B:$B,$B10,개발일정표!$H:$H,"<>삭제",개발일정표!$M:$M,"<>검수제외",개발일정표!$R:$R,"=L1")-COUNTIFS(개발일정표!$A:$A,$A$8,개발일정표!$B:$B,$B10,개발일정표!$H:$H,"<>삭제",개발일정표!$M:$M,"<>검수제외",개발일정표!$R:$R,"=L1",개발일정표!$S:$S,"=Y",개발일정표!$Q:$Q,"<="&$C$1) -> 0 | P10: =IF(K10=0, 0,(L10+M10)/K10) -> 0 | Q10: =IF(C10=0,0,(L10+M10)/C10) -> 0 | R10: =COUNTIFS(개발일정표!$A:$A,$A$8,개발일정표!$B:$B,$B10,개발일정표!$H:$H,"<>삭제",개발일정표!$T:$T,"<>검수제외") -> 3 | S10: =COUNTIFS(개발일정표!$A:$A,$A$8,개발일정표!$B:$B,$B10,개발일정표!$H:$H,"<>삭제",개발일정표!$T:$T,"<>검수제외",개발일정표!$V:$V,"<="&$C$1) -> 0 | T10: =COUNTIFS(개발일정표!$A:$A,$A$8,개발일정표!$B:$B,$B10,개발일정표!$H:$H,"<>삭제",개발일정표!$T:$T,"<>검수제외",개발일정표!$Y:$Y,"=L3",개발일정표!$X:$X,"<="&$C$1)+COUNTIFS(개발일정표!$A:$A,$A$8,개발일정표!$B:$B,$B10,개발일정표!$H:$H,"<>삭제",개발일정표!$T:$T,"<>검수제외",개발일정표!$Y:$Y,"=L1",개발일정표!$Z:$Z,"=Y",개발일정표!$X:$X,"<="&$C$1)+COUNTIFS(개발일정표!$A:$A,$A$8,개발일정표!$B:$B,$B10,개발일정표!$H:$H,"<>삭제",개발일정표!$T:$T,"<>검수제외",개발일정표!$Y:$Y,"=L2",개발일정표!$Z:$Z,"=Y",개발일정표!$X:$X,"<="&$C$1) -> 0 | U10: =COUNTIFS(개발일정표!$A:$A,$A$8,개발일정표!$B:$B,$B10,개발일정표!$H:$H,"<>삭제",개발일정표!$T:$T,"<>검수제외",개발일정표!$Y:$Y,"=L2")-COUNTIFS(개발일정표!$A:$A,$A$8,개발일정표!$B:$B,$B10,개발일정표!$H:$H,"<>삭제",개발일정표!$T:$T,"<>검수제외",개발일정표!$Y:$Y,"=L2",개발일정표!$Z:$Z,"=Y",개발일정표!$X:$X,"<="&$C$1) -> 0 | V10: =S10-(T10+U10) -> 0 | W10: =COUNTIFS(개발일정표!$A:$A,$A$8,개발일정표!$B:$B,$B10,개발일정표!$H:$H,"<>삭제",개발일정표!$T:$T,"<>검수제외",개발일정표!$Y:$Y,"=L1")-COUNTIFS(개발일정표!$A:$A,$A$8,개발일정표!$B:$B,$B10,개발일정표!$H:$H,"<>삭제",개발일정표!$T:$T,"<>검수제외",개발일정표!$Y:$Y,"=L1",개발일정표!$Z:$Z,"=Y",개발일정표!$X:$X,"<="&$C$1) -> 0 | X10: =IF(S10=0, 0,(T10+U10)/S10) -> 0 | Y10: =IF(R10=0,0,(T10+U10)/R10) -> 0 | Z10: =COUNTIFS(개발일정표!$A:$A,$A$8,개발일정표!$B:$B,$B10,개발일정표!$H:$H,"<>삭제",개발일정표!$AA:$AA,"<>검수제외") -> 3 | AA10: =COUNTIFS(개발일정표!$A:$A,$A$8,개발일정표!$B:$B,$B10,개발일정표!$H:$H,"<>삭제",개발일정표!$AA:$AA,"<>검수제외",개발일정표!$AC:$AC,"<="&$C$1) -> 0 | AB10: =COUNTIFS(개발일정표!$A:$A,$A$8,개발일정표!$B:$B,$B10,개발일정표!$H:$H,"<>삭제",개발일정표!$AA:$AA,"<>검수제외",개발일정표!$AF:$AF,"=L3",개발일정표!$AE:$AE,"<="&$C$1)+COUNTIFS(개발일정표!$A:$A,$A$8,개발일정표!$B:$B,$B10,개발일정표!$H:$H,"<>삭제",개발일정표!$AA:$AA,"<>검수제외",개발일정표!$AF:$AF,"=L1",개발일정표!$AG:$AG,"=Y",개발일정표!$AE:$AE,"<="&$C$1)+COUNTIFS(개발일정표!$A:$A,$A$8,개발일정표!$B:$B,$B10,개발일정표!$H:$H,"<>삭제",개발일정표!$AA:$AA,"<>검수제외",개발일정표!$AF:$AF,"=L2",개발일정표!$AG:$AG,"=Y",개발일정표!$AE:$AE,"<="&$C$1) -> 0 | AC10: =COUNTIFS(개발일정표!$A:$A,$A$8,개발일정표!$B:$B,$B10,개발일정표!$H:$H,"<>삭제",개발일정표!$AA:$AA,"<>검수제외",개발일정표!$AF:$AF,"=L2")-COUNTIFS(개발일정표!$A:$A,$A$8,개발일정표!$B:$B,$B10,개발일정표!$H:$H,"<>삭제",개발일정표!$AA:$AA,"<>검수제외",개발일정표!$AF:$AF,"=L2",개발일정표!$AG:$AG,"=Y",개발일정표!$AE:$AE,"<="&$C$1) -> 0 | AD10: =AA10-(AB10+AC10) -> 0 | AE10: =COUNTIFS(개발일정표!$A:$A,$A$8,개발일정표!$B:$B,$B10,개발일정표!$H:$H,"<>삭제",개발일정표!$AA:$AA,"<>검수제외",개발일정표!$AF:$AF,"=L1")-COUNTIFS(개발일정표!$A:$A,$A$8,개발일정표!$B:$B,$B10,개발일정표!$H:$H,"<>삭제",개발일정표!$AA:$AA,"<>검수제외",개발일정표!$AF:$AF,"=L1",개발일정표!$AG:$AG,"=Y",개발일정표!$AE:$AE,"<="&$C$1) -> 0 | AF10: =IF(AA10=0, 0,(AB10+AC10)/AA10) -> 0 | AG10: =IF(Z10=0,0,(AB10+AC10)/Z10) -> 0 | AH10: =COUNTIFS(개발일정표!$A:$A,$A$8,개발일정표!$B:$B,$B10,개발일정표!$H:$H,"<>삭제",개발일정표!$J:$J,"<>미정") -> 0 | AI10: =COUNTIFS(개발일정표!$A:$A,$A$8,개발일정표!$B:$B,$B10,개발일정표!$H:$H,"<>삭제",개발일정표!$J:$J,"=미정") -> 3
B11: 이고의뢰 | C11: =COUNTIFS(개발일정표!$A:$A,$A$8,개발일정표!$B:$B,$B11,개발일정표!$H:$H,"<>삭제") -> 2 | D11: =COUNTIFS(개발일정표!$A:$A,$A$8,개발일정표!$B:$B,$B11,개발일정표!$H:$H,"<>삭제",개발일정표!$J:$J,"<="&$C$1) -> 0 | E11: =COUNTIFS(개발일정표!$A:$A,$A$8,개발일정표!$B:$B,$B11,개발일정표!$H:$H,"<>삭제",개발일정표!$L:$L,"<="&$C$1) -> 0 | F11: =D11-E11 -> 0 | G11: =COUNTIFS(개발일정표!$A:$A,$A$8,개발일정표!$B:$B,$B11,개발일정표!$H:$H,"<>삭제",개발일정표!$K:$K,"<="&$C$1,개발일정표!$L:$L,"") -> 0 | H11: =COUNTIFS(개발일정표!$A:$A,$A$8,개발일정표!$B:$B,$B11,개발일정표!$H:$H,"<>삭제",개발일정표!$J:$J,"="&$C$1) -> 0 | I11: =IF(D11=0,0,E11/D11) -> 0 | J11: =IF(C11=0,0,E11/C11) -> 0 | K11: =COUNTIFS(개발일정표!$A:$A,$A$8,개발일정표!$B:$B,$B11,개발일정표!$H:$H,"<>삭제",개발일정표!$M:$M,"<>검수제외",개발일정표!$O:$O,"<="&$C$1) -> 0 | L11: =COUNTIFS(개발일정표!$A:$A,$A$8,개발일정표!$B:$B,$B11,개발일정표!$H:$H,"<>삭제",개발일정표!$M:$M,"<>검수제외",개발일정표!$R:$R,"=L3",개발일정표!$Q:$Q,"<="&$C$1)+COUNTIFS(개발일정표!$A:$A,$A$8,개발일정표!$B:$B,$B11,개발일정표!$H:$H,"<>삭제",개발일정표!$M:$M,"<>검수제외",개발일정표!$R:$R,"=L1",개발일정표!$S:$S,"=Y",개발일정표!$Q:$Q,"<="&$C$1)+COUNTIFS(개발일정표!$A:$A,$A$8,개발일정표!$B:$B,$B11,개발일정표!$H:$H,"<>삭제",개발일정표!$M:$M,"<>검수제외",개발일정표!$R:$R,"=L2",개발일정표!$S:$S,"=Y",개발일정표!$Q:$Q,"<="&$C$1) -> 0 | M11: =COUNTIFS(개발일정표!$A:$A,$A$8,개발일정표!$B:$B,$B11,개발일정표!$H:$H,"<>삭제",개발일정표!$M:$M,"<>검수제외",개발일정표!$R:$R,"=L2")-COUNTIFS(개발일정표!$A:$A,$A$8,개발일정표!$B:$B,$B11,개발일정표!$H:$H,"<>삭제",개발일정표!$M:$M,"<>검수제외",개발일정표!$R:$R,"=L2",개발일정표!$S:$S,"=Y",개발일정표!$Q:$Q,"<="&$C$1) -> 0 | N11: =K11-(L11+M11) -> 0 | O11: =COUNTIFS(개발일정표!$A:$A,$A$8,개발일정표!$B:$B,$B11,개발일정표!$H:$H,"<>삭제",개발일정표!$M:$M,"<>검수제외",개발일정표!$R:$R,"=L1")-COUNTIFS(개발일정표!$A:$A,$A$8,개발일정표!$B:$B,$B11,개발일정표!$H:$H,"<>삭제",개발일정표!$M:$M,"<>검수제외",개발일정표!$R:$R,"=L1",개발일정표!$S:$S,"=Y",개발일정표!$Q:$Q,"<="&$C$1) -> 0 | P11: =IF(K11=0, 0,(L11+M11)/K11) -> 0 | Q11: =IF(C11=0,0,(L11+M11)/C11) -> 0 | R11: =COUNTIFS(개발일정표!$A:$A,$A$8,개발일정표!$B:$B,$B11,개발일정표!$H:$H,"<>삭제",개발일정표!$T:$T,"<>검수제외") -> 2 | S11: =COUNTIFS(개발일정표!$A:$A,$A$8,개발일정표!$B:$B,$B11,개발일정표!$H:$H,"<>삭제",개발일정표!$T:$T,"<>검수제외",개발일정표!$V:$V,"<="&$C$1) -> 0 | T11: =COUNTIFS(개발일정표!$A:$A,$A$8,개발일정표!$B:$B,$B11,개발일정표!$H:$H,"<>삭제",개발일정표!$T:$T,"<>검수제외",개발일정표!$Y:$Y,"=L3",개발일정표!$X:$X,"<="&$C$1)+COUNTIFS(개발일정표!$A:$A,$A$8,개발일정표!$B:$B,$B11,개발일정표!$H:$H,"<>삭제",개발일정표!$T:$T,"<>검수제외",개발일정표!$Y:$Y,"=L1",개발일정표!$Z:$Z,"=Y",개발일정표!$X:$X,"<="&$C$1)+COUNTIFS(개발일정표!$A:$A,$A$8,개발일정표!$B:$B,$B11,개발일정표!$H:$H,"<>삭제",개발일정표!$T:$T,"<>검수제외",개발일정표!$Y:$Y,"=L2",개발일정표!$Z:$Z,"=Y",개발일정표!$X:$X,"<="&$C$1) -> 0 | U11: =COUNTIFS(개발일정표!$A:$A,$A$8,개발일정표!$B:$B,$B11,개발일정표!$H:$H,"<>삭제",개발일정표!$T:$T,"<>검수제외",개발일정표!$Y:$Y,"=L2")-COUNTIFS(개발일정표!$A:$A,$A$8,개발일정표!$B:$B,$B11,개발일정표!$H:$H,"<>삭제",개발일정표!$T:$T,"<>검수제외",개발일정표!$Y:$Y,"=L2",개발일정표!$Z:$Z,"=Y",개발일정표!$X:$X,"<="&$C$1) -> 0 | V11: =S11-(T11+U11) -> 0 | W11: =COUNTIFS(개발일정표!$A:$A,$A$8,개발일정표!$B:$B,$B11,개발일정표!$H:$H,"<>삭제",개발일정표!$T:$T,"<>검수제외",개발일정표!$Y:$Y,"=L1")-COUNTIFS(개발일정표!$A:$A,$A$8,개발일정표!$B:$B,$B11,개발일정표!$H:$H,"<>삭제",개발일정표!$T:$T,"<>검수제외",개발일정표!$Y:$Y,"=L1",개발일정표!$Z:$Z,"=Y",개발일정표!$X:$X,"<="&$C$1) -> 0 | X11: =IF(S11=0, 0,(T11+U11)/S11) -> 0 | Y11: =IF(R11=0,0,(T11+U11)/R11) -> 0 | Z11: =COUNTIFS(개발일정표!$A:$A,$A$8,개발일정표!$B:$B,$B11,개발일정표!$H:$H,"<>삭제",개발일정표!$AA:$AA,"<>검수제외") -> 2 | AA11: =COUNTIFS(개발일정표!$A:$A,$A$8,개발일정표!$B:$B,$B11,개발일정표!$H:$H,"<>삭제",개발일정표!$AA:$AA,"<>검수제외",개발일정표!$AC:$AC,"<="&$C$1) -> 0 | AB11: =COUNTIFS(개발일정표!$A:$A,$A$8,개발일정표!$B:$B,$B11,개발일정표!$H:$H,"<>삭제",개발일정표!$AA:$AA,"<>검수제외",개발일정표!$AF:$AF,"=L3",개발일정표!$AE:$AE,"<="&$C$1)+COUNTIFS(개발일정표!$A:$A,$A$8,개발일정표!$B:$B,$B11,개발일정표!$H:$H,"<>삭제",개발일정표!$AA:$AA,"<>검수제외",개발일정표!$AF:$AF,"=L1",개발일정표!$AG:$AG,"=Y",개발일정표!$AE:$AE,"<="&$C$1)+COUNTIFS(개발일정표!$A:$A,$A$8,개발일정표!$B:$B,$B11,개발일정표!$H:$H,"<>삭제",개발일정표!$AA:$AA,"<>검수제외",개발일정표!$AF:$AF,"=L2",개발일정표!$AG:$AG,"=Y",개발일정표!$AE:$AE,"<="&$C$1) -> 0 | AC11: =COUNTIFS(개발일정표!$A:$A,$A$8,개발일정표!$B:$B,$B11,개발일정표!$H:$H,"<>삭제",개발일정표!$AA:$AA,"<>검수제외",개발일정표!$AF:$AF,"=L2")-COUNTIFS(개발일정표!$A:$A,$A$8,개발일정표!$B:$B,$B11,개발일정표!$H:$H,"<>삭제",개발일정표!$AA:$AA,"<>검수제외",개발일정표!$AF:$AF,"=L2",개발일정표!$AG:$AG,"=Y",개발일정표!$AE:$AE,"<="&$C$1) -> 0 | AD11: =AA11-(AB11+AC11) -> 0 | AE11: =COUNTIFS(개발일정표!$A:$A,$A$8,개발일정표!$B:$B,$B11,개발일정표!$H:$H,"<>삭제",개발일정표!$AA:$AA,"<>검수제외",개발일정표!$AF:$AF,"=L1")-COUNTIFS(개발일정표!$A:$A,$A$8,개발일정표!$B:$B,$B11,개발일정표!$H:$H,"<>삭제",개발일정표!$AA:$AA,"<>검수제외",개발일정표!$AF:$AF,"=L1",개발일정표!$AG:$AG,"=Y",개발일정표!$AE:$AE,"<="&$C$1) -> 0 | AF11: =IF(AA11=0, 0,(AB11+AC11)/AA11) -> 0 | AG11: =IF(Z11=0,0,(AB11+AC11)/Z11) -> 0 | AH11: =COUNTIFS(개발일정표!$A:$A,$A$8,개발일정표!$B:$B,$B11,개발일정표!$H:$H,"<>삭제",개발일정표!$J:$J,"<>미정") -> 2 | AI11: =COUNTIFS(개발일정표!$A:$A,$A$8,개발일정표!$B:$B,$B11,개발일정표!$H:$H,"<>삭제",개발일정표!$J:$J,"=미정") -> 0
B12: 소계 | C12: =SUM(C8:C11) -> 16 | D12: =SUM(D8:D11) -> 0 | E12: =SUM(E8:E11) -> 0 | F12: =SUM(F8:F11) -> 0 | G12: =SUM(G8:G11) -> 0 | H12: =SUM(H8:H11) -> 0 | I12: =IF(D12=0,0,E12/D12) -> 0 | J12: =IF(C12=0,0,E12/C12) -> 0 | K12: =SUM(K8:K11) -> 0 | L12: =SUM(L8:L11) -> 0 | M12: =SUM(M8:M11) -> 0 | N12: =SUM(N8:N11) -> 0 | O12: =SUM(O8:O11) -> 0 | P12: =IF(K12=0, 0,(L12+M12)/K12) -> 0 | Q12: =IF(C12=0,0,(L12+M12)/C12) -> 0 | R12: =SUM(R8:R11) -> 16 | S12: =SUM(S8:S11) -> 0 | T12: =SUM(T8:T11) -> 0 | U12: =SUM(U8:U11) -> 0 | V12: =SUM(V8:V11) -> 0 | W12: =SUM(W8:W11) -> 0 | X12: =IF(S12=0, 0,(T12+U12)/S12) -> 0 | Y12: =IF(R12=0,0,(T12+U12)/R12) -> 0 | Z12: =SUM(Z8:Z11) -> 16 | AA12: =SUM(AA8:AA11) -> 0 | AB12: =SUM(AB8:AB11) -> 0 | AC12: =SUM(AC8:AC11) -> 0 | AD12: =SUM(AD8:AD11) -> 0 | AE12: =SUM(AE8:AE11) -> 0 | AF12: =IF(AA12=0,0,(AB12+AC12)/AA12) -> 0 | AG12: =IF(Z12=0,0,(AB12+AC12)/Z12) -> 0 | AH12: =SUM(AH8:AH11) -> 9 | AI12: =SUM(AI8:AI11) -> 7
A13: 출고 | B13: 출고관리 | C13: =COUNTIFS(개발일정표!$A:$A,$A$13,개발일정표!$B:$B,$B13,개발일정표!$H:$H,"<>삭제") -> 14 | D13: =COUNTIFS(개발일정표!$A:$A,$A$13,개발일정표!$B:$B,$B13,개발일정표!$H:$H,"<>삭제",개발일정표!$J:$J,"<="&$C$1) -> 0 | E13: =COUNTIFS(개발일정표!$A:$A,$A$13,개발일정표!$B:$B,$B13,개발일정표!$H:$H,"<>삭제",개발일정표!$L:$L,"<="&$C$1) -> 0 | F13: =D13-E13 -> 0 | G13: =COUNTIFS(개발일정표!$A:$A,$A$13,개발일정표!$B:$B,$B13,개발일정표!$H:$H,"<>삭제",개발일정표!$K:$K,"<="&$C$1,개발일정표!$L:$L,"") -> 0 | H13: =COUNTIFS(개발일정표!$A:$A,$A$13,개발일정표!$B:$B,$B13,개발일정표!$H:$H,"<>삭제",개발일정표!$J:$J,"="&$C$1) -> 0 | I13: =IF(D13=0,0,E13/D13) -> 0 | J13: =IF(C13=0,0,E13/C13) -> 0 | K13: =COUNTIFS(개발일정표!$A:$A,$A$13,개발일정표!$B:$B,$B13,개발일정표!$H:$H,"<>삭제",개발일정표!$M:$M,"<>검수제외",개발일정표!$O:$O,"<="&$C$1) -> 0 | L13: =COUNTIFS(개발일정표!$A:$A,$A$13,개발일정표!$B:$B,$B13,개발일정표!$H:$H,"<>삭제",개발일정표!$M:$M,"<>검수제외",개발일정표!$R:$R,"=L3",개발일정표!$Q:$Q,"<="&$C$1)+COUNTIFS(개발일정표!$A:$A,$A$13,개발일정표!$B:$B,$B13,개발일정표!$H:$H,"<>삭제",개발일정표!$M:$M,"<>검수제외",개발일정표!$R:$R,"=L1",개발일정표!$S:$S,"=Y",개발일정표!$Q:$Q,"<="&$C$1)+COUNTIFS(개발일정표!$A:$A,$A$13,개발일정표!$B:$B,$B13,개발일정표!$H:$H,"<>삭제",개발일정표!$M:$M,"<>검수제외",개발일정표!$R:$R,"=L2",개발일정표!$S:$S,"=Y",개발일정표!$Q:$Q,"<="&$C$1) -> 0 | M13: =COUNTIFS(개발일정표!$A:$A,$A$13,개발일정표!$B:$B,$B13,개발일정표!$H:$H,"<>삭제",개발일정표!$M:$M,"<>검수제외",개발일정표!$R:$R,"=L2")-COUNTIFS(개발일정표!$A:$A,$A$13,개발일정표!$B:$B,$B13,개발일정표!$H:$H,"<>삭제",개발일정표!$M:$M,"<>검수제외",개발일정표!$R:$R,"=L2",개발일정표!$S:$S,"=Y",개발일정표!$Q:$Q,"<="&$C$1) -> 0 | N13: =K13-(L13+M13) -> 0 | O13: =COUNTIFS(개발일정표!$A:$A,$A$13,개발일정표!$B:$B,$B13,개발일정표!$H:$H,"<>삭제",개발일정표!$M:$M,"<>검수제외",개발일정표!$R:$R,"=L1")-COUNTIFS(개발일정표!$A:$A,$A$13,개발일정표!$B:$B,$B13,개발일정표!$H:$H,"<>삭제",개발일정표!$M:$M,"<>검수제외",개발일정표!$R:$R,"=L1",개발일정표!$S:$S,"=Y",개발일정표!$Q:$Q,"<="&$C$1) -> 0 | P13: =IF(K13=0, 0,(L13+M13)/K13) -> 0 | Q13: =IF(C13=0,0,(L13+M13)/C13) -> 0 | R13: =COUNTIFS(개발일정표!$A:$A,$A$13,개발일정표!$B:$B,$B13,개발일정표!$H:$H,"<>삭제",개발일정표!$T:$T,"<>검수제외") -> 14 | S13: =COUNTIFS(개발일정표!$A:$A,$A$13,개발일정표!$B:$B,$B13,개발일정표!$H:$H,"<>삭제",개발일정표!$T:$T,"<>검수제외",개발일정표!$V:$V,"<="&$C$1) -> 0 | T13: =COUNTIFS(개발일정표!$A:$A,$A$13,개발일정표!$B:$B,$B13,개발일정표!$H:$H,"<>삭제",개발일정표!$T:$T,"<>검수제외",개발일정표!$Y:$Y,"=L3",개발일정표!$X:$X,"<="&$C$1)+COUNTIFS(개발일정표!$A:$A,$A$13,개발일정표!$B:$B,$B13,개발일정표!$H:$H,"<>삭제",개발일정표!$T:$T,"<>검수제외",개발일정표!$Y:$Y,"=L1",개발일정표!$Z:$Z,"=Y",개발일정표!$X:$X,"<="&$C$1)+COUNTIFS(개발일정표!$A:$A,$A$13,개발일정표!$B:$B,$B13,개발일정표!$H:$H,"<>삭제",개발일정표!$T:$T,"<>검수제외",개발일정표!$Y:$Y,"=L2",개발일정표!$Z:$Z,"=Y",개발일정표!$X:$X,"<="&$C$1) -> 0 | U13: =COUNTIFS(개발일정표!$A:$A,$A$13,개발일정표!$B:$B,$B13,개발일정표!$H:$H,"<>삭제",개발일정표!$T:$T,"<>검수제외",개발일정표!$Y:$Y,"=L2")-COUNTIFS(개발일정표!$A:$A,$A$13,개발일정표!$B:$B,$B13,개발일정표!$H:$H,"<>삭제",개발일정표!$T:$T,"<>검수제외",개발일정표!$Y:$Y,"=L2",개발일정표!$Z:$Z,"=Y",개발일정표!$X:$X,"<="&$C$1) -> 0 | V13: =S13-(T13+U13) -> 0 | W13: =COUNTIFS(개발일정표!$A:$A,$A$13,개발일정표!$B:$B,$B13,개발일정표!$H:$H,"<>삭제",개발일정표!$T:$T,"<>검수제외",개발일정표!$Y:$Y,"=L1")-COUNTIFS(개발일정표!$A:$A,$A$13,개발일정표!$B:$B,$B13,개발일정표!$H:$H,"<>삭제",개발일정표!$T:$T,"<>검수제외",개발일정표!$Y:$Y,"=L1",개발일정표!$Z:$Z,"=Y",개발일정표!$X:$X,"<="&$C$1) -> 0 | X13: =IF(S13=0, 0,(T13+U13)/S13) -> 0 | Y13: =IF(R13=0,0,(T13+U13)/R13) -> 0 | Z13: =COUNTIFS(개발일정표!$A:$A,$A$13,개발일정표!$B:$B,$B13,개발일정표!$H:$H,"<>삭제",개발일정표!$AA:$AA,"<>검수제외") -> 14 | AA13: =COUNTIFS(개발일정표!$A:$A,$A$13,개발일정표!$B:$B,$B13,개발일정표!$H:$H,"<>삭제",개발일정표!$AA:$AA,"<>검수제외",개발일정표!$AC:$AC,"<="&$C$1) -> 0 | AB13: =COUNTIFS(개발일정표!$A:$A,$A$13,개발일정표!$B:$B,$B13,개발일정표!$H:$H,"<>삭제",개발일정표!$AA:$AA,"<>검수제외",개발일정표!$AF:$AF,"=L3",개발일정표!$AE:$AE,"<="&$C$1)+COUNTIFS(개발일정표!$A:$A,$A$13,개발일정표!$B:$B,$B13,개발일정표!$H:$H,"<>삭제",개발일정표!$AA:$AA,"<>검수제외",개발일정표!$AF:$AF,"=L1",개발일정표!$AG:$AG,"=Y",개발일정표!$AE:$AE,"<="&$C$1)+COUNTIFS(개발일정표!$A:$A,$A$13,개발일정표!$B:$B,$B13,개발일정표!$H:$H,"<>삭제",개발일정표!$AA:$AA,"<>검수제외",개발일정표!$AF:$AF,"=L2",개발일정표!$AG:$AG,"=Y",개발일정표!$AE:$AE,"<="&$C$1) -> 0 | AC13: =COUNTIFS(개발일정표!$A:$A,$A$13,개발일정표!$B:$B,$B13,개발일정표!$H:$H,"<>삭제",개발일정표!$AA:$AA,"<>검수제외",개발일정표!$AF:$AF,"=L2")-COUNTIFS(개발일정표!$A:$A,$A$13,개발일정표!$B:$B,$B13,개발일정표!$H:$H,"<>삭제",개발일정표!$AA:$AA,"<>검수제외",개발일정표!$AF:$AF,"=L2",개발일정표!$AG:$AG,"=Y",개발일정표!$AE:$AE,"<="&$C$1) -> 0 | AD13: =AA13-(AB13+AC13) -> 0 | AE13: =COUNTIFS(개발일정표!$A:$A,$A$13,개발일정표!$B:$B,$B13,개발일정표!$H:$H,"<>삭제",개발일정표!$AA:$AA,"<>검수제외",개발일정표!$AF:$AF,"=L1")-COUNTIFS(개발일정표!$A:$A,$A$13,개발일정표!$B:$B,$B13,개발일정표!$H:$H,"<>삭제",개발일정표!$AA:$AA,"<>검수제외",개발일정표!$AF:$AF,"=L1",개발일정표!$AG:$AG,"=Y",개발일정표!$AE:$AE,"<="&$C$1) -> 0 | AF13: =IF(AA13=0, 0,(AB13+AC13)/AA13) -> 0 | AG13: =IF(Z13=0,0,(AB13+AC13)/Z13) -> 0 | AH13: =COUNTIFS(개발일정표!$A:$A,$A$13,개발일정표!$B:$B,$B13,개발일정표!$H:$H,"<>삭제",개발일정표!$J:$J,"<>미정") -> 9 | AI13: =COUNTIFS(개발일정표!$A:$A,$A$13,개발일정표!$B:$B,$B13,개발일정표!$H:$H,"<>삭제",개발일정표!$J:$J,"=미정") -> 5
B14: 출하관리 | C14: =COUNTIFS(개발일정표!$A:$A,$A$13,개발일정표!$B:$B,$B14,개발일정표!$H:$H,"<>삭제") -> 6 | D14: =COUNTIFS(개발일정표!$A:$A,$A$13,개발일정표!$B:$B,$B14,개발일정표!$H:$H,"<>삭제",개발일정표!$J:$J,"<="&$C$1) -> 0 | E14: =COUNTIFS(개발일정표!$A:$A,$A$13,개발일정표!$B:$B,$B14,개발일정표!$H:$H,"<>삭제",개발일정표!$L:$L,"<="&$C$1) -> 0 | F14: =D14-E14 -> 0 | G14: =COUNTIFS(개발일정표!$A:$A,$A$13,개발일정표!$B:$B,$B14,개발일정표!$H:$H,"<>삭제",개발일정표!$K:$K,"<="&$C$1,개발일정표!$L:$L,"") -> 0 | H14: =COUNTIFS(개발일정표!$A:$A,$A$13,개발일정표!$B:$B,$B14,개발일정표!$H:$H,"<>삭제",개발일정표!$J:$J,"="&$C$1) -> 0 | I14: =IF(D14=0,0,E14/D14) -> 0 | J14: =IF(C14=0,0,E14/C14) -> 0 | K14: =COUNTIFS(개발일정표!$A:$A,$A$13,개발일정표!$B:$B,$B14,개발일정표!$H:$H,"<>삭제",개발일정표!$M:$M,"<>검수제외",개발일정표!$O:$O,"<="&$C$1) -> 0 | L14: =COUNTIFS(개발일정표!$A:$A,$A$13,개발일정표!$B:$B,$B14,개발일정표!$H:$H,"<>삭제",개발일정표!$M:$M,"<>검수제외",개발일정표!$R:$R,"=L3",개발일정표!$Q:$Q,"<="&$C$1)+COUNTIFS(개발일정표!$A:$A,$A$13,개발일정표!$B:$B,$B14,개발일정표!$H:$H,"<>삭제",개발일정표!$M:$M,"<>검수제외",개발일정표!$R:$R,"=L1",개발일정표!$S:$S,"=Y",개발일정표!$Q:$Q,"<="&$C$1)+COUNTIFS(개발일정표!$A:$A,$A$13,개발일정표!$B:$B,$B14,개발일정표!$H:$H,"<>삭제",개발일정표!$M:$M,"<>검수제외",개발일정표!$R:$R,"=L2",개발일정표!$S:$S,"=Y",개발일정표!$Q:$Q,"<="&$C$1) -> 0 | M14: =COUNTIFS(개발일정표!$A:$A,$A$13,개발일정표!$B:$B,$B14,개발일정표!$H:$H,"<>삭제",개발일정표!$M:$M,"<>검수제외",개발일정표!$R:$R,"=L2")-COUNTIFS(개발일정표!$A:$A,$A$13,개발일정표!$B:$B,$B14,개발일정표!$H:$H,"<>삭제",개발일정표!$M:$M,"<>검수제외",개발일정표!$R:$R,"=L2",개발일정표!$S:$S,"=Y",개발일정표!$Q:$Q,"<="&$C$1) -> 0 | N14: =K14-(L14+M14) -> 0 | O14: =COUNTIFS(개발일정표!$A:$A,$A$13,개발일정표!$B:$B,$B14,개발일정표!$H:$H,"<>삭제",개발일정표!$M:$M,"<>검수제외",개발일정표!$R:$R,"=L1")-COUNTIFS(개발일정표!$A:$A,$A$13,개발일정표!$B:$B,$B14,개발일정표!$H:$H,"<>삭제",개발일정표!$M:$M,"<>검수제외",개발일정표!$R:$R,"=L1",개발일정표!$S:$S,"=Y",개발일정표!$Q:$Q,"<="&$C$1) -> 0 | P14: =IF(K14=0, 0,(L14+M14)/K14) -> 0 | Q14: =IF(C14=0,0,(L14+M14)/C14) -> 0 | R14: =COUNTIFS(개발일정표!$A:$A,$A$13,개발일정표!$B:$B,$B14,개발일정표!$H:$H,"<>삭제",개발일정표!$T:$T,"<>검수제외") -> 6 | S14: =COUNTIFS(개발일정표!$A:$A,$A$13,개발일정표!$B:$B,$B14,개발일정표!$H:$H,"<>삭제",개발일정표!$T:$T,"<>검수제외",개발일정표!$V:$V,"<="&$C$1) -> 0 | T14: =COUNTIFS(개발일정표!$A:$A,$A$13,개발일정표!$B:$B,$B14,개발일정표!$H:$H,"<>삭제",개발일정표!$T:$T,"<>검수제외",개발일정표!$Y:$Y,"=L3",개발일정표!$X:$X,"<="&$C$1)+COUNTIFS(개발일정표!$A:$A,$A$13,개발일정표!$B:$B,$B14,개발일정표!$H:$H,"<>삭제",개발일정표!$T:$T,"<>검수제외",개발일정표!$Y:$Y,"=L1",개발일정표!$Z:$Z,"=Y",개발일정표!$X:$X,"<="&$C$1)+COUNTIFS(개발일정표!$A:$A,$A$13,개발일정표!$B:$B,$B14,개발일정표!$H:$H,"<>삭제",개발일정표!$T:$T,"<>검수제외",개발일정표!$Y:$Y,"=L2",개발일정표!$Z:$Z,"=Y",개발일정표!$X:$X,"<="&$C$1) -> 0 | U14: =COUNTIFS(개발일정표!$A:$A,$A$13,개발일정표!$B:$B,$B14,개발일정표!$H:$H,"<>삭제",개발일정표!$T:$T,"<>검수제외",개발일정표!$Y:$Y,"=L2")-COUNTIFS(개발일정표!$A:$A,$A$13,개발일정표!$B:$B,$B14,개발일정표!$H:$H,"<>삭제",개발일정표!$T:$T,"<>검수제외",개발일정표!$Y:$Y,"=L2",개발일정표!$Z:$Z,"=Y",개발일정표!$X:$X,"<="&$C$1) -> 0 | V14: =S14-(T14+U14) -> 0 | W14: =COUNTIFS(개발일정표!$A:$A,$A$13,개발일정표!$B:$B,$B14,개발일정표!$H:$H,"<>삭제",개발일정표!$T:$T,"<>검수제외",개발일정표!$Y:$Y,"=L1")-COUNTIFS(개발일정표!$A:$A,$A$13,개발일정표!$B:$B,$B14,개발일정표!$H:$H,"<>삭제",개발일정표!$T:$T,"<>검수제외",개발일정표!$Y:$Y,"=L1",개발일정표!$Z:$Z,"=Y",개발일정표!$X:$X,"<="&$C$1) -> 0 | X14: =IF(S14=0, 0,(T14+U14)/S14) -> 0 | Y14: =IF(R14=0,0,(T14+U14)/R14) -> 0 | Z14: =COUNTIFS(개발일정표!$A:$A,$A$13,개발일정표!$B:$B,$B14,개발일정표!$H:$H,"<>삭제",개발일정표!$AA:$AA,"<>검수제외") -> 6 | AA14: =COUNTIFS(개발일정표!$A:$A,$A$13,개발일정표!$B:$B,$B14,개발일정표!$H:$H,"<>삭제",개발일정표!$AA:$AA,"<>검수제외",개발일정표!$AC:$AC,"<="&$C$1) -> 0 | AB14: =COUNTIFS(개발일정표!$A:$A,$A$13,개발일정표!$B:$B,$B14,개발일정표!$H:$H,"<>삭제",개발일정표!$AA:$AA,"<>검수제외",개발일정표!$AF:$AF,"=L3",개발일정표!$AE:$AE,"<="&$C$1)+COUNTIFS(개발일정표!$A:$A,$A$13,개발일정표!$B:$B,$B14,개발일정표!$H:$H,"<>삭제",개발일정표!$AA:$AA,"<>검수제외",개발일정표!$AF:$AF,"=L1",개발일정표!$AG:$AG,"=Y",개발일정표!$AE:$AE,"<="&$C$1)+COUNTIFS(개발일정표!$A:$A,$A$13,개발일정표!$B:$B,$B14,개발일정표!$H:$H,"<>삭제",개발일정표!$AA:$AA,"<>검수제외",개발일정표!$AF:$AF,"=L2",개발일정표!$AG:$AG,"=Y",개발일정표!$AE:$AE,"<="&$C$1) -> 0 | AC14: =COUNTIFS(개발일정표!$A:$A,$A$13,개발일정표!$B:$B,$B14,개발일정표!$H:$H,"<>삭제",개발일정표!$AA:$AA,"<>검수제외",개발일정표!$AF:$AF,"=L2")-COUNTIFS(개발일정표!$A:$A,$A$13,개발일정표!$B:$B,$B14,개발일정표!$H:$H,"<>삭제",개발일정표!$AA:$AA,"<>검수제외",개발일정표!$AF:$AF,"=L2",개발일정표!$AG:$AG,"=Y",개발일정표!$AE:$AE,"<="&$C$1) -> 0 | AD14: =AA14-(AB14+AC14) -> 0 | AE14: =COUNTIFS(개발일정표!$A:$A,$A$13,개발일정표!$B:$B,$B14,개발일정표!$H:$H,"<>삭제",개발일정표!$AA:$AA,"<>검수제외",개발일정표!$AF:$AF,"=L1")-COUNTIFS(개발일정표!$A:$A,$A$13,개발일정표!$B:$B,$B14,개발일정표!$H:$H,"<>삭제",개발일정표!$AA:$AA,"<>검수제외",개발일정표!$AF:$AF,"=L1",개발일정표!$AG:$AG,"=Y",개발일정표!$AE:$AE,"<="&$C$1) -> 0 | AF14: =IF(AA14=0, 0,(AB14+AC14)/AA14) -> 0 | AG14: =IF(Z14=0,0,(AB14+AC14)/Z14) -> 0 | AH14: =COUNTIFS(개발일정표!$A:$A,$A$13,개발일정표!$B:$B,$B14,개발일정표!$H:$H,"<>삭제",개발일정표!$J:$J,"<>미정") -> 4 | AI14: =COUNTIFS(개발일정표!$A:$A,$A$13,개발일정표!$B:$B,$B14,개발일정표!$H:$H,"<>삭제",개발일정표!$J:$J,"=미정") -> 2
B15: 출고현황 | C15: =COUNTIFS(개발일정표!$A:$A,$A$13,개발일정표!$B:$B,$B15,개발일정표!$H:$H,"<>삭제") -> 4 | D15: =COUNTIFS(개발일정표!$A:$A,$A$13,개발일정표!$B:$B,$B15,개발일정표!$H:$H,"<>삭제",개발일정표!$J:$J,"<="&$C$1) -> 0 | E15: =COUNTIFS(개발일정표!$A:$A,$A$13,개발일정표!$B:$B,$B15,개발일정표!$H:$H,"<>삭제",개발일정표!$L:$L,"<="&$C$1) -> 0 | F15: =D15-E15 -> 0 | G15: =COUNTIFS(개발일정표!$A:$A,$A$13,개발일정표!$B:$B,$B15,개발일정표!$H:$H,"<>삭제",개발일정표!$K:$K,"<="&$C$1,개발일정표!$L:$L,"") -> 0 | H15: =COUNTIFS(개발일정표!$A:$A,$A$13,개발일정표!$B:$B,$B15,개발일정표!$H:$H,"<>삭제",개발일정표!$J:$J,"="&$C$1) -> 0 | I15: =IF(D15=0,0,E15/D15) -> 0 | J15: =IF(C15=0,0,E15/C15) -> 0 | K15: =COUNTIFS(개발일정표!$A:$A,$A$13,개발일정표!$B:$B,$B15,개발일정표!$H:$H,"<>삭제",개발일정표!$M:$M,"<>검수제외",개발일정표!$O:$O,"<="&$C$1) -> 0 | L15: =COUNTIFS(개발일정표!$A:$A,$A$13,개발일정표!$B:$B,$B15,개발일정표!$H:$H,"<>삭제",개발일정표!$M:$M,"<>검수제외",개발일정표!$R:$R,"=L3",개발일정표!$Q:$Q,"<="&$C$1)+COUNTIFS(개발일정표!$A:$A,$A$13,개발일정표!$B:$B,$B15,개발일정표!$H:$H,"<>삭제",개발일정표!$M:$M,"<>검수제외",개발일정표!$R:$R,"=L1",개발일정표!$S:$S,"=Y",개발일정표!$Q:$Q,"<="&$C$1)+COUNTIFS(개발일정표!$A:$A,$A$13,개발일정표!$B:$B,$B15,개발일정표!$H:$H,"<>삭제",개발일정표!$M:$M,"<>검수제외",개발일정표!$R:$R,"=L2",개발일정표!$S:$S,"=Y",개발일정표!$Q:$Q,"<="&$C$1) -> 0 | M15: =COUNTIFS(개발일정표!$A:$A,$A$13,개발일정표!$B:$B,$B15,개발일정표!$H:$H,"<>삭제",개발일정표!$M:$M,"<>검수제외",개발일정표!$R:$R,"=L2")-COUNTIFS(개발일정표!$A:$A,$A$13,개발일정표!$B:$B,$B15,개발일정표!$H:$H,"<>삭제",개발일정표!$M:$M,"<>검수제외",개발일정표!$R:$R,"=L2",개발일정표!$S:$S,"=Y",개발일정표!$Q:$Q,"<="&$C$1) -> 0 | N15: =K15-(L15+M15) -> 0 | O15: =COUNTIFS(개발일정표!$A:$A,$A$13,개발일정표!$B:$B,$B15,개발일정표!$H:$H,"<>삭제",개발일정표!$M:$M,"<>검수제외",개발일정표!$R:$R,"=L1")-COUNTIFS(개발일정표!$A:$A,$A$13,개발일정표!$B:$B,$B15,개발일정표!$H:$H,"<>삭제",개발일정표!$M:$M,"<>검수제외",개발일정표!$R:$R,"=L1",개발일정표!$S:$S,"=Y",개발일정표!$Q:$Q,"<="&$C$1) -> 0 | P15: =IF(K15=0, 0,(L15+M15)/K15) -> 0 | Q15: =IF(C15=0,0,(L15+M15)/C15) -> 0 | R15: =COUNTIFS(개발일정표!$A:$A,$A$13,개발일정표!$B:$B,$B15,개발일정표!$H:$H,"<>삭제",개발일정표!$T:$T,"<>검수제외") -> 4 | S15: =COUNTIFS(개발일정표!$A:$A,$A$13,개발일정표!$B:$B,$B15,개발일정표!$H:$H,"<>삭제",개발일정표!$T:$T,"<>검수제외",개발일정표!$V:$V,"<="&$C$1) -> 0 | T15: =COUNTIFS(개발일정표!$A:$A,$A$13,개발일정표!$B:$B,$B15,개발일정표!$H:$H,"<>삭제",개발일정표!$T:$T,"<>검수제외",개발일정표!$Y:$Y,"=L3",개발일정표!$X:$X,"<="&$C$1)+COUNTIFS(개발일정표!$A:$A,$A$13,개발일정표!$B:$B,$B15,개발일정표!$H:$H,"<>삭제",개발일정표!$T:$T,"<>검수제외",개발일정표!$Y:$Y,"=L1",개발일정표!$Z:$Z,"=Y",개발일정표!$X:$X,"<="&$C$1)+COUNTIFS(개발일정표!$A:$A,$A$13,개발일정표!$B:$B,$B15,개발일정표!$H:$H,"<>삭제",개발일정표!$T:$T,"<>검수제외",개발일정표!$Y:$Y,"=L2",개발일정표!$Z:$Z,"=Y",개발일정표!$X:$X,"<="&$C$1) -> 0 | U15: =COUNTIFS(개발일정표!$A:$A,$A$13,개발일정표!$B:$B,$B15,개발일정표!$H:$H,"<>삭제",개발일정표!$T:$T,"<>검수제외",개발일정표!$Y:$Y,"=L2")-COUNTIFS(개발일정표!$A:$A,$A$13,개발일정표!$B:$B,$B15,개발일정표!$H:$H,"<>삭제",개발일정표!$T:$T,"<>검수제외",개발일정표!$Y:$Y,"=L2",개발일정표!$Z:$Z,"=Y",개발일정표!$X:$X,"<="&$C$1) -> 0 | V15: =S15-(T15+U15) -> 0 | W15: =COUNTIFS(개발일정표!$A:$A,$A$13,개발일정표!$B:$B,$B15,개발일정표!$H:$H,"<>삭제",개발일정표!$T:$T,"<>검수제외",개발일정표!$Y:$Y,"=L1")-COUNTIFS(개발일정표!$A:$A,$A$13,개발일정표!$B:$B,$B15,개발일정표!$H:$H,"<>삭제",개발일정표!$T:$T,"<>검수제외",개발일정표!$Y:$Y,"=L1",개발일정표!$Z:$Z,"=Y",개발일정표!$X:$X,"<="&$C$1) -> 0 | X15: =IF(S15=0, 0,(T15+U15)/S15) -> 0 | Y15: =IF(R15=0,0,(T15+U15)/R15) -> 0 | Z15: =COUNTIFS(개발일정표!$A:$A,$A$13,개발일정표!$B:$B,$B15,개발일정표!$H:$H,"<>삭제",개발일정표!$AA:$AA,"<>검수제외") -> 4 | AA15: =COUNTIFS(개발일정표!$A:$A,$A$13,개발일정표!$B:$B,$B15,개발일정표!$H:$H,"<>삭제",개발일정표!$AA:$AA,"<>검수제외",개발일정표!$AC:$AC,"<="&$C$1) -> 0 | AB15: =COUNTIFS(개발일정표!$A:$A,$A$13,개발일정표!$B:$B,$B15,개발일정표!$H:$H,"<>삭제",개발일정표!$AA:$AA,"<>검수제외",개발일정표!$AF:$AF,"=L3",개발일정표!$AE:$AE,"<="&$C$1)+COUNTIFS(개발일정표!$A:$A,$A$13,개발일정표!$B:$B,$B15,개발일정표!$H:$H,"<>삭제",개발일정표!$AA:$AA,"<>검수제외",개발일정표!$AF:$AF,"=L1",개발일정표!$AG:$AG,"=Y",개발일정표!$AE:$AE,"<="&$C$1)+COUNTIFS(개발일정표!$A:$A,$A$13,개발일정표!$B:$B,$B15,개발일정표!$H:$H,"<>삭제",개발일정표!$AA:$AA,"<>검수제외",개발일정표!$AF:$AF,"=L2",개발일정표!$AG:$AG,"=Y",개발일정표!$AE:$AE,"<="&$C$1) -> 0 | AC15: =COUNTIFS(개발일정표!$A:$A,$A$13,개발일정표!$B:$B,$B15,개발일정표!$H:$H,"<>삭제",개발일정표!$AA:$AA,"<>검수제외",개발일정표!$AF:$AF,"=L2")-COUNTIFS(개발일정표!$A:$A,$A$13,개발일정표!$B:$B,$B15,개발일정표!$H:$H,"<>삭제",개발일정표!$AA:$AA,"<>검수제외",개발일정표!$AF:$AF,"=L2",개발일정표!$AG:$AG,"=Y",개발일정표!$AE:$AE,"<="&$C$1) -> 0 | AD15: =AA15-(AB15+AC15) -> 0 | AE15: =COUNTIFS(개발일정표!$A:$A,$A$13,개발일정표!$B:$B,$B15,개발일정표!$H:$H,"<>삭제",개발일정표!$AA:$AA,"<>검수제외",개발일정표!$AF:$AF,"=L1")-COUNTIFS(개발일정표!$A:$A,$A$13,개발일정표!$B:$B,$B15,개발일정표!$H:$H,"<>삭제",개발일정표!$AA:$AA,"<>검수제외",개발일정표!$AF:$AF,"=L1",개발일정표!$AG:$AG,"=Y",개발일정표!$AE:$AE,"<="&$C$1) -> 0 | AF15: =IF(AA15=0, 0,(AB15+AC15)/AA15) -> 0 | AG15: =IF(Z15=0,0,(AB15+AC15)/Z15) -> 0 | AH15: =COUNTIFS(개발일정표!$A:$A,$A$13,개발일정표!$B:$B,$B15,개발일정표!$H:$H,"<>삭제",개발일정표!$J:$J,"<>미정") -> 0 | AI15: =COUNTIFS(개발일정표!$A:$A,$A$13,개발일정표!$B:$B,$B15,개발일정표!$H:$H,"<>삭제",개발일정표!$J:$J,"=미정") -> 4
B16: 소계 | C16: =SUM(C13:C15) -> 24 | D16: =SUM(D13:D15) -> 0 | E16: =SUM(E13:E15) -> 0 | F16: =SUM(F13:F15) -> 0 | G16: =SUM(G13:G15) -> 0 | H16: =SUM(H13:H15) -> 0 | I16: =IF(D16=0,0,E16/D16) -> 0 | J16: =IF(C16=0,0,E16/C16) -> 0 | K16: =SUM(K13:K15) -> 0 | L16: =SUM(L13:L15) -> 0 | M16: =SUM(M13:M15) -> 0 | N16: =SUM(N13:N15) -> 0 | O16: =SUM(O13:O15) -> 0 | P16: =IF(K16=0, 0,(L16+M16)/K16) -> 0 | Q16: =IF(C16=0,0,(L16+M16)/C16) -> 0 | R16: =SUM(R13:R15) -> 24 | S16: =SUM(S13:S15) -> 0 | T16: =SUM(T13:T15) -> 0 | U16: =SUM(U13:U15) -> 0 | V16: =SUM(V13:V15) -> 0 | W16: =SUM(W13:W15) -> 0 | X16: =IF(S16=0, 0,(T16+U16)/S16) -> 0 | Y16: =IF(R16=0,0,(T16+U16)/R16) -> 0 | Z16: =SUM(Z13:Z15) -> 24 | AA16: =SUM(AA13:AA15) -> 0 | AB16: =SUM(AB13:AB15) -> 0 | AC16: =SUM(AC13:AC15) -> 0 | AD16: =SUM(AD13:AD15) -> 0 | AE16: =SUM(AE13:AE15) -> 0 | AF16: =IF(AA16=0,0,(AB16+AC16)/AA16) -> 0 | AG16: =IF(Z16=0,0,(AB16+AC16)/Z16) -> 0 | AH16: =SUM(AH13:AH15) -> 13 | AI16: =SUM(AI13:AI15) -> 11
A17: 반입 | B17: 반입관리 | C17: =COUNTIFS(개발일정표!$A:$A,$A$17,개발일정표!$B:$B,$B17,개발일정표!$H:$H,"<>삭제") -> 5 | D17: =COUNTIFS(개발일정표!$A:$A,$A$17,개발일정표!$B:$B,$B17,개발일정표!$H:$H,"<>삭제",개발일정표!$J:$J,"<="&$C$1) -> 0 | E17: =COUNTIFS(개발일정표!$A:$A,$A$17,개발일정표!$B:$B,$B17,개발일정표!$H:$H,"<>삭제",개발일정표!$L:$L,"<="&$C$1) -> 0 | F17: =D17-E17 -> 0 | G17: =COUNTIFS(개발일정표!$A:$A,$A$17,개발일정표!$B:$B,$B17,개발일정표!$H:$H,"<>삭제",개발일정표!$K:$K,"<="&$C$1,개발일정표!$L:$L,"") -> 0 | H17: =COUNTIFS(개발일정표!$A:$A,$A$17,개발일정표!$B:$B,$B17,개발일정표!$H:$H,"<>삭제",개발일정표!$J:$J,"="&$C$1) -> 0 | I17: =IF(D17=0,0,E17/D17) -> 0 | J17: =IF(C17=0,0,E17/C17) -> 0 | K17: =COUNTIFS(개발일정표!$A:$A,$A$17,개발일정표!$B:$B,$B17,개발일정표!$H:$H,"<>삭제",개발일정표!$M:$M,"<>검수제외",개발일정표!$O:$O,"<="&$C$1) -> 0 | L17: =COUNTIFS(개발일정표!$A:$A,$A$17,개발일정표!$B:$B,$B17,개발일정표!$H:$H,"<>삭제",개발일정표!$M:$M,"<>검수제외",개발일정표!$R:$R,"=L3",개발일정표!$Q:$Q,"<="&$C$1)+COUNTIFS(개발일정표!$A:$A,$A$17,개발일정표!$B:$B,$B17,개발일정표!$H:$H,"<>삭제",개발일정표!$M:$M,"<>검수제외",개발일정표!$R:$R,"=L1",개발일정표!$S:$S,"=Y",개발일정표!$Q:$Q,"<="&$C$1)+COUNTIFS(개발일정표!$A:$A,$A$17,개발일정표!$B:$B,$B17,개발일정표!$H:$H,"<>삭제",개발일정표!$M:$M,"<>검수제외",개발일정표!$R:$R,"=L2",개발일정표!$S:$S,"=Y",개발일정표!$Q:$Q,"<="&$C$1) -> 0 | M17: =COUNTIFS(개발일정표!$A:$A,$A$17,개발일정표!$B:$B,$B17,개발일정표!$H:$H,"<>삭제",개발일정표!$M:$M,"<>검수제외",개발일정표!$R:$R,"=L2")-COUNTIFS(개발일정표!$A:$A,$A$17,개발일정표!$B:$B,$B17,개발일정표!$H:$H,"<>삭제",개발일정표!$M:$M,"<>검수제외",개발일정표!$R:$R,"=L2",개발일정표!$S:$S,"=Y",개발일정표!$Q:$Q,"<="&$C$1) -> 0 | N17: =K17-(L17+M17) -> 0 | O17: =COUNTIFS(개발일정표!$A:$A,$A$17,개발일정표!$B:$B,$B17,개발일정표!$H:$H,"<>삭제",개발일정표!$M:$M,"<>검수제외",개발일정표!$R:$R,"=L1")-COUNTIFS(개발일정표!$A:$A,$A$17,개발일정표!$B:$B,$B17,개발일정표!$H:$H,"<>삭제",개발일정표!$M:$M,"<>검수제외",개발일정표!$R:$R,"=L1",개발일정표!$S:$S,"=Y",개발일정표!$Q:$Q,"<="&$C$1) -> 0 | P17: =IF(K17=0, 0,(L17+M17)/K17) -> 0 | Q17: =IF(C17=0,0,(L17+M17)/C17) -> 0 | R17: =COUNTIFS(개발일정표!$A:$A,$A$17,개발일정표!$B:$B,$B17,개발일정표!$H:$H,"<>삭제",개발일정표!$T:$T,"<>검수제외") -> 5 | S17: =COUNTIFS(개발일정표!$A:$A,$A$17,개발일정표!$B:$B,$B17,개발일정표!$H:$H,"<>삭제",개발일정표!$T:$T,"<>검수제외",개발일정표!$V:$V,"<="&$C$1) -> 0 | T17: =COUNTIFS(개발일정표!$A:$A,$A$17,개발일정표!$B:$B,$B17,개발일정표!$H:$H,"<>삭제",개발일정표!$T:$T,"<>검수제외",개발일정표!$Y:$Y,"=L3",개발일정표!$X:$X,"<="&$C$1)+COUNTIFS(개발일정표!$A:$A,$A$17,개발일정표!$B:$B,$B17,개발일정표!$H:$H,"<>삭제",개발일정표!$T:$T,"<>검수제외",개발일정표!$Y:$Y,"=L1",개발일정표!$Z:$Z,"=Y",개발일정표!$X:$X,"<="&$C$1)+COUNTIFS(개발일정표!$A:$A,$A$17,개발일정표!$B:$B,$B17,개발일정표!$H:$H,"<>삭제",개발일정표!$T:$T,"<>검수제외",개발일정표!$Y:$Y,"=L2",개발일정표!$Z:$Z,"=Y",개발일정표!$X:$X,"<="&$C$1) -> 0 | U17: =COUNTIFS(개발일정표!$A:$A,$A$17,개발일정표!$B:$B,$B17,개발일정표!$H:$H,"<>삭제",개발일정표!$T:$T,"<>검수제외",개발일정표!$Y:$Y,"=L2")-COUNTIFS(개발일정표!$A:$A,$A$17,개발일정표!$B:$B,$B17,개발일정표!$H:$H,"<>삭제",개발일정표!$T:$T,"<>검수제외",개발일정표!$Y:$Y,"=L2",개발일정표!$Z:$Z,"=Y",개발일정표!$X:$X,"<="&$C$1) -> 0 | V17: =S17-(T17+U17) -> 0 | W17: =COUNTIFS(개발일정표!$A:$A,$A$17,개발일정표!$B:$B,$B17,개발일정표!$H:$H,"<>삭제",개발일정표!$T:$T,"<>검수제외",개발일정표!$Y:$Y,"=L1")-COUNTIFS(개발일정표!$A:$A,$A$17,개발일정표!$B:$B,$B17,개발일정표!$H:$H,"<>삭제",개발일정표!$T:$T,"<>검수제외",개발일정표!$Y:$Y,"=L1",개발일정표!$Z:$Z,"=Y",개발일정표!$X:$X,"<="&$C$1) -> 0 | X17: =IF(S17=0, 0,(T17+U17)/S17) -> 0 | Y17: =IF(R17=0,0,(T17+U17)/R17) -> 0 | Z17: =COUNTIFS(개발일정표!$A:$A,$A$17,개발일정표!$B:$B,$B17,개발일정표!$H:$H,"<>삭제",개발일정표!$AA:$AA,"<>검수제외") -> 5 | AA17: =COUNTIFS(개발일정표!$A:$A,$A$17,개발일정표!$B:$B,$B17,개발일정표!$H:$H,"<>삭제",개발일정표!$AA:$AA,"<>검수제외",개발일정표!$AC:$AC,"<="&$C$1) -> 0 | AB17: =COUNTIFS(개발일정표!$A:$A,$A$17,개발일정표!$B:$B,$B17,개발일정표!$H:$H,"<>삭제",개발일정표!$AA:$AA,"<>검수제외",개발일정표!$AF:$AF,"=L3",개발일정표!$AE:$AE,"<="&$C$1)+COUNTIFS(개발일정표!$A:$A,$A$17,개발일정표!$B:$B,$B17,개발일정표!$H:$H,"<>삭제",개발일정표!$AA:$AA,"<>검수제외",개발일정표!$AF:$AF,"=L1",개발일정표!$AG:$AG,"=Y",개발일정표!$AE:$AE,"<="&$C$1)+COUNTIFS(개발일정표!$A:$A,$A$17,개발일정표!$B:$B,$B17,개발일정표!$H:$H,"<>삭제",개발일정표!$AA:$AA,"<>검수제외",개발일정표!$AF:$AF,"=L2",개발일정표!$AG:$AG,"=Y",개발일정표!$AE:$AE,"<="&$C$1) -> 0 | AC17: =COUNTIFS(개발일정표!$A:$A,$A$17,개발일정표!$B:$B,$B17,개발일정표!$H:$H,"<>삭제",개발일정표!$AA:$AA,"<>검수제외",개발일정표!$AF:$AF,"=L2")-COUNTIFS(개발일정표!$A:$A,$A$17,개발일정표!$B:$B,$B17,개발일정표!$H:$H,"<>삭제",개발일정표!$AA:$AA,"<>검수제외",개발일정표!$AF:$AF,"=L2",개발일정표!$AG:$AG,"=Y",개발일정표!$AE:$AE,"<="&$C$1) -> 0 | AD17: =AA17-(AB17+AC17) -> 0 | AE17: =COUNTIFS(개발일정표!$A:$A,$A$17,개발일정표!$B:$B,$B17,개발일정표!$H:$H,"<>삭제",개발일정표!$AA:$AA,"<>검수제외",개발일정표!$AF:$AF,"=L1")-COUNTIFS(개발일정표!$A:$A,$A$17,개발일정표!$B:$B,$B17,개발일정표!$H:$H,"<>삭제",개발일정표!$AA:$AA,"<>검수제외",개발일정표!$AF:$AF,"=L1",개발일정표!$AG:$AG,"=Y",개발일정표!$AE:$AE,"<="&$C$1) -> 0 | AF17: =IF(AA17=0, 0,(AB17+AC17)/AA17) -> 0 | AG17: =IF(Z17=0,0,(AB17+AC17)/Z17) -> 0 | AH17: =COUNTIFS(개발일정표!$A:$A,$A$17,개발일정표!$B:$B,$B17,개발일정표!$H:$H,"<>삭제",개발일정표!$J:$J,"<>미정") -> 4 | AI17: =COUNTIFS(개발일정표!$A:$A,$A$17,개발일정표!$B:$B,$B17,개발일정표!$H:$H,"<>삭제",개발일정표!$J:$J,"=미정") -> 1
B18: 소계 | C18: =SUM(C17:C17) -> 5 | D18: =SUM(D17:D17) -> 0 | E18: =SUM(E17:E17) -> 0 | F18: =SUM(F17:F17) -> 0 | G18: =SUM(G17:G17) -> 0 | H18: =SUM(H17:H17) -> 0 | I18: =IF(D18=0,0,E18/D18) -> 0 | J18: =IF(C18=0,0,E18/C18) -> 0 | K18: =SUM(K17:K17) -> 0 | L18: =SUM(L17:L17) -> 0 | M18: =SUM(M17:M17) -> 0 | N18: =SUM(N17:N17) -> 0 | O18: =SUM(O17:O17) -> 0 | P18: =IF(K18=0, 0,(L18+M18)/K18) -> 0 | Q18: =IF(C18=0,0,(L18+M18)/C18) -> 0 | R18: =SUM(R17:R17) -> 5 | S18: =SUM(S17:S17) -> 0 | T18: =SUM(T17:T17) -> 0 | U18: =SUM(U17:U17) -> 0 | V18: =SUM(V17:V17) -> 0 | W18: =SUM(W17:W17) -> 0 | X18: =IF(S18=0, 0,(T18+U18)/S18) -> 0 | Y18: =IF(R18=0,0,(T18+U18)/R18) -> 0 | Z18: =SUM(Z17:Z17) -> 5 | AA18: =SUM(AA17:AA17) -> 0 | AB18: =SUM(AB17:AB17) -> 0 | AC18: =SUM(AC17:AC17) -> 0 | AD18: =SUM(AD17:AD17) -> 0 | AE18: =SUM(AE17:AE17) -> 0 | AF18: =IF(AA18=0,0,(AB18+AC18)/AA18) -> 0 | AG18: =IF(Z18=0,0,(AB18+AC18)/Z18) -> 0 | AH18: =SUM(AH17:AH17) -> 4 | AI18: =SUM(AI17:AI17) -> 1
A19: 반출 | B19: 반출관리 | C19: =COUNTIFS(개발일정표!$A:$A,$A$19,개발일정표!$B:$B,$B19,개발일정표!$H:$H,"<>삭제") -> 5 | D19: =COUNTIFS(개발일정표!$A:$A,$A$19,개발일정표!$B:$B,$B19,개발일정표!$H:$H,"<>삭제",개발일정표!$J:$J,"<="&$C$1) -> 0 | E19: =COUNTIFS(개발일정표!$A:$A,$A$19,개발일정표!$B:$B,$B19,개발일정표!$H:$H,"<>삭제",개발일정표!$L:$L,"<="&$C$1) -> 0 | F19: =D19-E19 -> 0 | G19: =COUNTIFS(개발일정표!$A:$A,$A$19,개발일정표!$B:$B,$B19,개발일정표!$H:$H,"<>삭제",개발일정표!$K:$K,"<="&$C$1,개발일정표!$L:$L,"") -> 0 | H19: =COUNTIFS(개발일정표!$A:$A,$A$19,개발일정표!$B:$B,$B19,개발일정표!$H:$H,"<>삭제",개발일정표!$J:$J,"="&$C$1) -> 0 | I19: =IF(D19=0,0,E19/D19) -> 0 | J19: =IF(C19=0,0,E19/C19) -> 0 | K19: =COUNTIFS(개발일정표!$A:$A,$A$19,개발일정표!$B:$B,$B19,개발일정표!$H:$H,"<>삭제",개발일정표!$M:$M,"<>검수제외",개발일정표!$O:$O,"<="&$C$1) -> 0 | L19: =COUNTIFS(개발일정표!$A:$A,$A$19,개발일정표!$B:$B,$B19,개발일정표!$H:$H,"<>삭제",개발일정표!$M:$M,"<>검수제외",개발일정표!$R:$R,"=L3",개발일정표!$Q:$Q,"<="&$C$1)+COUNTIFS(개발일정표!$A:$A,$A$19,개발일정표!$B:$B,$B19,개발일정표!$H:$H,"<>삭제",개발일정표!$M:$M,"<>검수제외",개발일정표!$R:$R,"=L1",개발일정표!$S:$S,"=Y",개발일정표!$Q:$Q,"<="&$C$1)+COUNTIFS(개발일정표!$A:$A,$A$19,개발일정표!$B:$B,$B19,개발일정표!$H:$H,"<>삭제",개발일정표!$M:$M,"<>검수제외",개발일정표!$R:$R,"=L2",개발일정표!$S:$S,"=Y",개발일정표!$Q:$Q,"<="&$C$1) -> 0 | M19: =COUNTIFS(개발일정표!$A:$A,$A$19,개발일정표!$B:$B,$B19,개발일정표!$H:$H,"<>삭제",개발일정표!$M:$M,"<>검수제외",개발일정표!$R:$R,"=L2")-COUNTIFS(개발일정표!$A:$A,$A$19,개발일정표!$B:$B,$B19,개발일정표!$H:$H,"<>삭제",개발일정표!$M:$M,"<>검수제외",개발일정표!$R:$R,"=L2",개발일정표!$S:$S,"=Y",개발일정표!$Q:$Q,"<="&$C$1) -> 0 | N19: =K19-(L19+M19) -> 0 | O19: =COUNTIFS(개발일정표!$A:$A,$A$19,개발일정표!$B:$B,$B19,개발일정표!$H:$H,"<>삭제",개발일정표!$M:$M,"<>검수제외",개발일정표!$R:$R,"=L1")-COUNTIFS(개발일정표!$A:$A,$A$19,개발일정표!$B:$B,$B19,개발일정표!$H:$H,"<>삭제",개발일정표!$M:$M,"<>검수제외",개발일정표!$R:$R,"=L1",개발일정표!$S:$S,"=Y",개발일정표!$Q:$Q,"<="&$C$1) -> 0 | P19: =IF(K19=0, 0,(L19+M19)/K19) -> 0 | Q19: =IF(C19=0,0,(L19+M19)/C19) -> 0 | R19: =COUNTIFS(개발일정표!$A:$A,$A$19,개발일정표!$B:$B,$B19,개발일정표!$H:$H,"<>삭제",개발일정표!$T:$T,"<>검수제외") -> 5 | S19: =COUNTIFS(개발일정표!$A:$A,$A$19,개발일정표!$B:$B,$B19,개발일정표!$H:$H,"<>삭제",개발일정표!$T:$T,"<>검수제외",개발일정표!$V:$V,"<="&$C$1) -> 0 | T19: =COUNTIFS(개발일정표!$A:$A,$A$19,개발일정표!$B:$B,$B19,개발일정표!$H:$H,"<>삭제",개발일정표!$T:$T,"<>검수제외",개발일정표!$Y:$Y,"=L3",개발일정표!$X:$X,"<="&$C$1)+COUNTIFS(개발일정표!$A:$A,$A$19,개발일정표!$B:$B,$B19,개발일정표!$H:$H,"<>삭제",개발일정표!$T:$T,"<>검수제외",개발일정표!$Y:$Y,"=L1",개발일정표!$Z:$Z,"=Y",개발일정표!$X:$X,"<="&$C$1)+COUNTIFS(개발일정표!$A:$A,$A$19,개발일정표!$B:$B,$B19,개발일정표!$H:$H,"<>삭제",개발일정표!$T:$T,"<>검수제외",개발일정표!$Y:$Y,"=L2",개발일정표!$Z:$Z,"=Y",개발일정표!$X:$X,"<="&$C$1) -> 0 | U19: =COUNTIFS(개발일정표!$A:$A,$A$19,개발일정표!$B:$B,$B19,개발일정표!$H:$H,"<>삭제",개발일정표!$T:$T,"<>검수제외",개발일정표!$Y:$Y,"=L2")-COUNTIFS(개발일정표!$A:$A,$A$19,개발일정표!$B:$B,$B19,개발일정표!$H:$H,"<>삭제",개발일정표!$T:$T,"<>검수제외",개발일정표!$Y:$Y,"=L2",개발일정표!$Z:$Z,"=Y",개발일정표!$X:$X,"<="&$C$1) -> 0 | V19: =S19-(T19+U19) -> 0 | W19: =COUNTIFS(개발일정표!$A:$A,$A$19,개발일정표!$B:$B,$B19,개발일정표!$H:$H,"<>삭제",개발일정표!$T:$T,"<>검수제외",개발일정표!$Y:$Y,"=L1")-COUNTIFS(개발일정표!$A:$A,$A$19,개발일정표!$B:$B,$B19,개발일정표!$H:$H,"<>삭제",개발일정표!$T:$T,"<>검수제외",개발일정표!$Y:$Y,"=L1",개발일정표!$Z:$Z,"=Y",개발일정표!$X:$X,"<="&$C$1) -> 0 | X19: =IF(S19=0, 0,(T19+U19)/S19) -> 0 | Y19: =IF(R19=0,0,(T19+U19)/R19) -> 0 | Z19: =COUNTIFS(개발일정표!$A:$A,$A$19,개발일정표!$B:$B,$B19,개발일정표!$H:$H,"<>삭제",개발일정표!$AA:$AA,"<>검수제외") -> 5 | AA19: =COUNTIFS(개발일정표!$A:$A,$A$19,개발일정표!$B:$B,$B19,개발일정표!$H:$H,"<>삭제",개발일정표!$AA:$AA,"<>검수제외",개발일정표!$AC:$AC,"<="&$C$1) -> 0 | AB19: =COUNTIFS(개발일정표!$A:$A,$A$19,개발일정표!$B:$B,$B19,개발일정표!$H:$H,"<>삭제",개발일정표!$AA:$AA,"<>검수제외",개발일정표!$AF:$AF,"=L3",개발일정표!$AE:$AE,"<="&$C$1)+COUNTIFS(개발일정표!$A:$A,$A$19,개발일정표!$B:$B,$B19,개발일정표!$H:$H,"<>삭제",개발일정표!$AA:$AA,"<>검수제외",개발일정표!$AF:$AF,"=L1",개발일정표!$AG:$AG,"=Y",개발일정표!$AE:$AE,"<="&$C$1)+COUNTIFS(개발일정표!$A:$A,$A$19,개발일정표!$B:$B,$B19,개발일정표!$H:$H,"<>삭제",개발일정표!$AA:$AA,"<>검수제외",개발일정표!$AF:$AF,"=L2",개발일정표!$AG:$AG,"=Y",개발일정표!$AE:$AE,"<="&$C$1) -> 0 | AC19: =COUNTIFS(개발일정표!$A:$A,$A$19,개발일정표!$B:$B,$B19,개발일정표!$H:$H,"<>삭제",개발일정표!$AA:$AA,"<>검수제외",개발일정표!$AF:$AF,"=L2")-COUNTIFS(개발일정표!$A:$A,$A$19,개발일정표!$B:$B,$B19,개발일정표!$H:$H,"<>삭제",개발일정표!$AA:$AA,"<>검수제외",개발일정표!$AF:$AF,"=L2",개발일정표!$AG:$AG,"=Y",개발일정표!$AE:$AE,"<="&$C$1) -> 0 | AD19: =AA19-(AB19+AC19) -> 0 | AE19: =COUNTIFS(개발일정표!$A:$A,$A$19,개발일정표!$B:$B,$B19,개발일정표!$H:$H,"<>삭제",개발일정표!$AA:$AA,"<>검수제외",개발일정표!$AF:$AF,"=L1")-COUNTIFS(개발일정표!$A:$A,$A$19,개발일정표!$B:$B,$B19,개발일정표!$H:$H,"<>삭제",개발일정표!$AA:$AA,"<>검수제외",개발일정표!$AF:$AF,"=L1",개발일정표!$AG:$AG,"=Y",개발일정표!$AE:$AE,"<="&$C$1) -> 0 | AF19: =IF(AA19=0, 0,(AB19+AC19)/AA19) -> 0 | AG19: =IF(Z19=0,0,(AB19+AC19)/Z19) -> 0 | AH19: =COUNTIFS(개발일정표!$A:$A,$A$19,개발일정표!$B:$B,$B19,개발일정표!$H:$H,"<>삭제",개발일정표!$J:$J,"<>미정") -> 4 | AI19: =COUNTIFS(개발일정표!$A:$A,$A$19,개발일정표!$B:$B,$B19,개발일정표!$H:$H,"<>삭제",개발일정표!$J:$J,"=미정") -> 1
B20: 소계 | C20: =SUM(C19:C19) -> 5 | D20: =SUM(D19:D19) -> 0 | E20: =SUM(E19:E19) -> 0 | F20: =SUM(F19:F19) -> 0 | G20: =SUM(G19:G19) -> 0 | H20: =SUM(H19:H19) -> 0 | I20: =IF(D20=0,0,E20/D20) -> 0 | J20: =IF(C20=0,0,E20/C20) -> 0 | K20: =SUM(K19:K19) -> 0 | L20: =SUM(L19:L19) -> 0 | M20: =SUM(M19:M19) -> 0 | N20: =SUM(N19:N19) -> 0 | O20: =SUM(O19:O19) -> 0 | P20: =IF(K20=0, 0,(L20+M20)/K20) -> 0 | Q20: =IF(C20=0,0,(L20+M20)/C20) -> 0 | R20: =SUM(R19:R19) -> 5 | S20: =SUM(S19:S19) -> 0 | T20: =SUM(T19:T19) -> 0 | U20: =SUM(U19:U19) -> 0 | V20: =SUM(V19:V19) -> 0 | W20: =SUM(W19:W19) -> 0 | X20: =IF(S20=0, 0,(T20+U20)/S20) -> 0 | Y20: =IF(R20=0,0,(T20+U20)/R20) -> 0 | Z20: =SUM(Z19:Z19) -> 5 | AA20: =SUM(AA19:AA19) -> 0 | AB20: =SUM(AB19:AB19) -> 0 | AC20: =SUM(AC19:AC19) -> 0 | AD20: =SUM(AD19:AD19) -> 0 | AE20: =SUM(AE19:AE19) -> 0 | AF20: =IF(AA20=0,0,(AB20+AC20)/AA20) -> 0 | AG20: =IF(Z20=0,0,(AB20+AC20)/Z20) -> 0 | AH20: =SUM(AH19:AH19) -> 4 | AI20: =SUM(AI19:AI19) -> 1
A21: 재고 | B21: 재고관리 | C21: =COUNTIFS(개발일정표!$A:$A,$A$21,개발일정표!$B:$B,$B21,개발일정표!$H:$H,"<>삭제") -> 30 | D21: =COUNTIFS(개발일정표!$A:$A,$A$21,개발일정표!$B:$B,$B21,개발일정표!$H:$H,"<>삭제",개발일정표!$J:$J,"<="&$C$1) -> 0 | E21: =COUNTIFS(개발일정표!$A:$A,$A$21,개발일정표!$B:$B,$B21,개발일정표!$H:$H,"<>삭제",개발일정표!$L:$L,"<="&$C$1) -> 0 | F21: =D21-E21 -> 0 | G21: =COUNTIFS(개발일정표!$A:$A,$A$21,개발일정표!$B:$B,$B21,개발일정표!$H:$H,"<>삭제",개발일정표!$K:$K,"<="&$C$1,개발일정표!$L:$L,"") -> 0 | H21: =COUNTIFS(개발일정표!$A:$A,$A$21,개발일정표!$B:$B,$B21,개발일정표!$H:$H,"<>삭제",개발일정표!$J:$J,"="&$C$1) -> 0 | I21: =IF(D21=0,0,E21/D21) -> 0 | J21: =IF(C21=0,0,E21/C21) -> 0 | K21: =COUNTIFS(개발일정표!$A:$A,$A$21,개발일정표!$B:$B,$B21,개발일정표!$H:$H,"<>삭제",개발일정표!$M:$M,"<>검수제외",개발일정표!$O:$O,"<="&$C$1) -> 0 | L21: =COUNTIFS(개발일정표!$A:$A,$A$21,개발일정표!$B:$B,$B21,개발일정표!$H:$H,"<>삭제",개발일정표!$M:$M,"<>검수제외",개발일정표!$R:$R,"=L3",개발일정표!$Q:$Q,"<="&$C$1)+COUNTIFS(개발일정표!$A:$A,$A$21,개발일정표!$B:$B,$B21,개발일정표!$H:$H,"<>삭제",개발일정표!$M:$M,"<>검수제외",개발일정표!$R:$R,"=L1",개발일정표!$S:$S,"=Y",개발일정표!$Q:$Q,"<="&$C$1)+COUNTIFS(개발일정표!$A:$A,$A$21,개발일정표!$B:$B,$B21,개발일정표!$H:$H,"<>삭제",개발일정표!$M:$M,"<>검수제외",개발일정표!$R:$R,"=L2",개발일정표!$S:$S,"=Y",개발일정표!$Q:$Q,"<="&$C$1) -> 0 | M21: =COUNTIFS(개발일정표!$A:$A,$A$21,개발일정표!$B:$B,$B21,개발일정표!$H:$H,"<>삭제",개발일정표!$M:$M,"<>검수제외",개발일정표!$R:$R,"=L2")-COUNTIFS(개발일정표!$A:$A,$A$21,개발일정표!$B:$B,$B21,개발일정표!$H:$H,"<>삭제",개발일정표!$M:$M,"<>검수제외",개발일정표!$R:$R,"=L2",개발일정표!$S:$S,"=Y",개발일정표!$Q:$Q,"<="&$C$1) -> 0 | N21: =K21-(L21+M21) -> 0 | O21: =COUNTIFS(개발일정표!$A:$A,$A$21,개발일정표!$B:$B,$B21,개발일정표!$H:$H,"<>삭제",개발일정표!$M:$M,"<>검수제외",개발일정표!$R:$R,"=L1")-COUNTIFS(개발일정표!$A:$A,$A$21,개발일정표!$B:$B,$B21,개발일정표!$H:$H,"<>삭제",개발일정표!$M:$M,"<>검수제외",개발일정표!$R:$R,"=L1",개발일정표!$S:$S,"=Y",개발일정표!$Q:$Q,"<="&$C$1) -> 0 | P21: =IF(K21=0, 0,(L21+M21)/K21) -> 0 | Q21: =IF(C21=0,0,(L21+M21)/C21) -> 0 | R21: =COUNTIFS(개발일정표!$A:$A,$A$21,개발일정표!$B:$B,$B21,개발일정표!$H:$H,"<>삭제",개발일정표!$T:$T,"<>검수제외") -> 30 | S21: =COUNTIFS(개발일정표!$A:$A,$A$21,개발일정표!$B:$B,$B21,개발일정표!$H:$H,"<>삭제",개발일정표!$T:$T,"<>검수제외",개발일정표!$V:$V,"<="&$C$1) -> 0 | T21: =COUNTIFS(개발일정표!$A:$A,$A$21,개발일정표!$B:$B,$B21,개발일정표!$H:$H,"<>삭제",개발일정표!$T:$T,"<>검수제외",개발일정표!$Y:$Y,"=L3",개발일정표!$X:$X,"<="&$C$1)+COUNTIFS(개발일정표!$A:$A,$A$21,개발일정표!$B:$B,$B21,개발일정표!$H:$H,"<>삭제",개발일정표!$T:$T,"<>검수제외",개발일정표!$Y:$Y,"=L1",개발일정표!$Z:$Z,"=Y",개발일정표!$X:$X,"<="&$C$1)+COUNTIFS(개발일정표!$A:$A,$A$21,개발일정표!$B:$B,$B21,개발일정표!$H:$H,"<>삭제",개발일정표!$T:$T,"<>검수제외",개발일정표!$Y:$Y,"=L2",개발일정표!$Z:$Z,"=Y",개발일정표!$X:$X,"<="&$C$1) -> 0 | U21: =COUNTIFS(개발일정표!$A:$A,$A$21,개발일정표!$B:$B,$B21,개발일정표!$H:$H,"<>삭제",개발일정표!$T:$T,"<>검수제외",개발일정표!$Y:$Y,"=L2")-COUNTIFS(개발일정표!$A:$A,$A$21,개발일정표!$B:$B,$B21,개발일정표!$H:$H,"<>삭제",개발일정표!$T:$T,"<>검수제외",개발일정표!$Y:$Y,"=L2",개발일정표!$Z:$Z,"=Y",개발일정표!$X:$X,"<="&$C$1) -> 0 | V21: =S21-(T21+U21) -> 0 | W21: =COUNTIFS(개발일정표!$A:$A,$A$21,개발일정표!$B:$B,$B21,개발일정표!$H:$H,"<>삭제",개발일정표!$T:$T,"<>검수제외",개발일정표!$Y:$Y,"=L1")-COUNTIFS(개발일정표!$A:$A,$A$21,개발일정표!$B:$B,$B21,개발일정표!$H:$H,"<>삭제",개발일정표!$T:$T,"<>검수제외",개발일정표!$Y:$Y,"=L1",개발일정표!$Z:$Z,"=Y",개발일정표!$X:$X,"<="&$C$1) -> 0 | X21: =IF(S21=0, 0,(T21+U21)/S21) -> 0 | Y21: =IF(R21=0,0,(T21+U21)/R21) -> 0 | Z21: =COUNTIFS(개발일정표!$A:$A,$A$21,개발일정표!$B:$B,$B21,개발일정표!$H:$H,"<>삭제",개발일정표!$AA:$AA,"<>검수제외") -> 30 | AA21: =COUNTIFS(개발일정표!$A:$A,$A$21,개발일정표!$B:$B,$B21,개발일정표!$H:$H,"<>삭제",개발일정표!$AA:$AA,"<>검수제외",개발일정표!$AC:$AC,"<="&$C$1) -> 0 | AB21: =COUNTIFS(개발일정표!$A:$A,$A$21,개발일정표!$B:$B,$B21,개발일정표!$H:$H,"<>삭제",개발일정표!$AA:$AA,"<>검수제외",개발일정표!$AF:$AF,"=L3",개발일정표!$AE:$AE,"<="&$C$1)+COUNTIFS(개발일정표!$A:$A,$A$21,개발일정표!$B:$B,$B21,개발일정표!$H:$H,"<>삭제",개발일정표!$AA:$AA,"<>검수제외",개발일정표!$AF:$AF,"=L1",개발일정표!$AG:$AG,"=Y",개발일정표!$AE:$AE,"<="&$C$1)+COUNTIFS(개발일정표!$A:$A,$A$21,개발일정표!$B:$B,$B21,개발일정표!$H:$H,"<>삭제",개발일정표!$AA:$AA,"<>검수제외",개발일정표!$AF:$AF,"=L2",개발일정표!$AG:$AG,"=Y",개발일정표!$AE:$AE,"<="&$C$1) -> 0 | AC21: =COUNTIFS(개발일정표!$A:$A,$A$21,개발일정표!$B:$B,$B21,개발일정표!$H:$H,"<>삭제",개발일정표!$AA:$AA,"<>검수제외",개발일정표!$AF:$AF,"=L2")-COUNTIFS(개발일정표!$A:$A,$A$21,개발일정표!$B:$B,$B21,개발일정표!$H:$H,"<>삭제",개발일정표!$AA:$AA,"<>검수제외",개발일정표!$AF:$AF,"=L2",개발일정표!$AG:$AG,"=Y",개발일정표!$AE:$AE,"<="&$C$1) -> 0 | AD21: =AA21-(AB21+AC21) -> 0 | AE21: =COUNTIFS(개발일정표!$A:$A,$A$21,개발일정표!$B:$B,$B21,개발일정표!$H:$H,"<>삭제",개발일정표!$AA:$AA,"<>검수제외",개발일정표!$AF:$AF,"=L1")-COUNTIFS(개발일정표!$A:$A,$A$21,개발일정표!$B:$B,$B21,개발일정표!$H:$H,"<>삭제",개발일정표!$AA:$AA,"<>검수제외",개발일정표!$AF:$AF,"=L1",개발일정표!$AG:$AG,"=Y",개발일정표!$AE:$AE,"<="&$C$1) -> 0 | AF21: =IF(AA21=0, 0,(AB21+AC21)/AA21) -> 0 | AG21: =IF(Z21=0,0,(AB21+AC21)/Z21) -> 0 | AH21: =COUNTIFS(개발일정표!$A:$A,$A$21,개발일정표!$B:$B,$B21,개발일정표!$H:$H,"<>삭제",개발일정표!$J:$J,"<>미정") -> 21 | AI21: =COUNTIFS(개발일정표!$A:$A,$A$21,개발일정표!$B:$B,$B21,개발일정표!$H:$H,"<>삭제",개발일정표!$J:$J,"=미정") -> 9
B22: 재고현황 | C22: =COUNTIFS(개발일정표!$A:$A,$A$21,개발일정표!$B:$B,$B22,개발일정표!$H:$H,"<>삭제") -> 11 | D22: =COUNTIFS(개발일정표!$A:$A,$A$21,개발일정표!$B:$B,$B22,개발일정표!$H:$H,"<>삭제",개발일정표!$J:$J,"<="&$C$1) -> 0 | E22: =COUNTIFS(개발일정표!$A:$A,$A$21,개발일정표!$B:$B,$B22,개발일정표!$H:$H,"<>삭제",개발일정표!$L:$L,"<="&$C$1) -> 0 | F22: =D22-E22 -> 0 | G22: =COUNTIFS(개발일정표!$A:$A,$A$21,개발일정표!$B:$B,$B22,개발일정표!$H:$H,"<>삭제",개발일정표!$K:$K,"<="&$C$1,개발일정표!$L:$L,"") -> 0 | H22: =COUNTIFS(개발일정표!$A:$A,$A$21,개발일정표!$B:$B,$B22,개발일정표!$H:$H,"<>삭제",개발일정표!$J:$J,"="&$C$1) -> 0 | I22: =IF(D22=0,0,E22/D22) -> 0 | J22: =IF(C22=0,0,E22/C22) -> 0 | K22: =COUNTIFS(개발일정표!$A:$A,$A$21,개발일정표!$B:$B,$B22,개발일정표!$H:$H,"<>삭제",개발일정표!$M:$M,"<>검수제외",개발일정표!$O:$O,"<="&$C$1) -> 0 | L22: =COUNTIFS(개발일정표!$A:$A,$A$21,개발일정표!$B:$B,$B22,개발일정표!$H:$H,"<>삭제",개발일정표!$M:$M,"<>검수제외",개발일정표!$R:$R,"=L3",개발일정표!$Q:$Q,"<="&$C$1)+COUNTIFS(개발일정표!$A:$A,$A$21,개발일정표!$B:$B,$B22,개발일정표!$H:$H,"<>삭제",개발일정표!$M:$M,"<>검수제외",개발일정표!$R:$R,"=L1",개발일정표!$S:$S,"=Y",개발일정표!$Q:$Q,"<="&$C$1)+COUNTIFS(개발일정표!$A:$A,$A$21,개발일정표!$B:$B,$B22,개발일정표!$H:$H,"<>삭제",개발일정표!$M:$M,"<>검수제외",개발일정표!$R:$R,"=L2",개발일정표!$S:$S,"=Y",개발일정표!$Q:$Q,"<="&$C$1) -> 0 | M22: =COUNTIFS(개발일정표!$A:$A,$A$21,개발일정표!$B:$B,$B22,개발일정표!$H:$H,"<>삭제",개발일정표!$M:$M,"<>검수제외",개발일정표!$R:$R,"=L2")-COUNTIFS(개발일정표!$A:$A,$A$21,개발일정표!$B:$B,$B22,개발일정표!$H:$H,"<>삭제",개발일정표!$M:$M,"<>검수제외",개발일정표!$R:$R,"=L2",개발일정표!$S:$S,"=Y",개발일정표!$Q:$Q,"<="&$C$1) -> 0 | N22: =K22-(L22+M22) -> 0 | O22: =COUNTIFS(개발일정표!$A:$A,$A$21,개발일정표!$B:$B,$B22,개발일정표!$H:$H,"<>삭제",개발일정표!$M:$M,"<>검수제외",개발일정표!$R:$R,"=L1")-COUNTIFS(개발일정표!$A:$A,$A$21,개발일정표!$B:$B,$B22,개발일정표!$H:$H,"<>삭제",개발일정표!$M:$M,"<>검수제외",개발일정표!$R:$R,"=L1",개발일정표!$S:$S,"=Y",개발일정표!$Q:$Q,"<="&$C$1) -> 0 | P22: =IF(K22=0, 0,(L22+M22)/K22) -> 0 | Q22: =IF(C22=0,0,(L22+M22)/C22) -> 0 | R22: =COUNTIFS(개발일정표!$A:$A,$A$21,개발일정표!$B:$B,$B22,개발일정표!$H:$H,"<>삭제",개발일정표!$T:$T,"<>검수제외") -> 11 | S22: =COUNTIFS(개발일정표!$A:$A,$A$21,개발일정표!$B:$B,$B22,개발일정표!$H:$H,"<>삭제",개발일정표!$T:$T,"<>검수제외",개발일정표!$V:$V,"<="&$C$1) -> 0 | T22: =COUNTIFS(개발일정표!$A:$A,$A$21,개발일정표!$B:$B,$B22,개발일정표!$H:$H,"<>삭제",개발일정표!$T:$T,"<>검수제외",개발일정표!$Y:$Y,"=L3",개발일정표!$X:$X,"<="&$C$1)+COUNTIFS(개발일정표!$A:$A,$A$21,개발일정표!$B:$B,$B22,개발일정표!$H:$H,"<>삭제",개발일정표!$T:$T,"<>검수제외",개발일정표!$Y:$Y,"=L1",개발일정표!$Z:$Z,"=Y",개발일정표!$X:$X,"<="&$C$1)+COUNTIFS(개발일정표!$A:$A,$A$21,개발일정표!$B:$B,$B22,개발일정표!$H:$H,"<>삭제",개발일정표!$T:$T,"<>검수제외",개발일정표!$Y:$Y,"=L2",개발일정표!$Z:$Z,"=Y",개발일정표!$X:$X,"<="&$C$1) -> 0 | U22: =COUNTIFS(개발일정표!$A:$A,$A$21,개발일정표!$B:$B,$B22,개발일정표!$H:$H,"<>삭제",개발일정표!$T:$T,"<>검수제외",개발일정표!$Y:$Y,"=L2")-COUNTIFS(개발일정표!$A:$A,$A$21,개발일정표!$B:$B,$B22,개발일정표!$H:$H,"<>삭제",개발일정표!$T:$T,"<>검수제외",개발일정표!$Y:$Y,"=L2",개발일정표!$Z:$Z,"=Y",개발일정표!$X:$X,"<="&$C$1) -> 0 | V22: =S22-(T22+U22) -> 0 | W22: =COUNTIFS(개발일정표!$A:$A,$A$21,개발일정표!$B:$B,$B22,개발일정표!$H:$H,"<>삭제",개발일정표!$T:$T,"<>검수제외",개발일정표!$Y:$Y,"=L1")-COUNTIFS(개발일정표!$A:$A,$A$21,개발일정표!$B:$B,$B22,개발일정표!$H:$H,"<>삭제",개발일정표!$T:$T,"<>검수제외",개발일정표!$Y:$Y,"=L1",개발일정표!$Z:$Z,"=Y",개발일정표!$X:$X,"<="&$C$1) -> 0 | X22: =IF(S22=0, 0,(T22+U22)/S22) -> 0 | Y22: =IF(R22=0,0,(T22+U22)/R22) -> 0 | Z22: =COUNTIFS(개발일정표!$A:$A,$A$21,개발일정표!$B:$B,$B22,개발일정표!$H:$H,"<>삭제",개발일정표!$AA:$AA,"<>검수제외") -> 11 | AA22: =COUNTIFS(개발일정표!$A:$A,$A$21,개발일정표!$B:$B,$B22,개발일정표!$H:$H,"<>삭제",개발일정표!$AA:$AA,"<>검수제외",개발일정표!$AC:$AC,"<="&$C$1) -> 0 | AB22: =COUNTIFS(개발일정표!$A:$A,$A$21,개발일정표!$B:$B,$B22,개발일정표!$H:$H,"<>삭제",개발일정표!$AA:$AA,"<>검수제외",개발일정표!$AF:$AF,"=L3",개발일정표!$AE:$AE,"<="&$C$1)+COUNTIFS(개발일정표!$A:$A,$A$21,개발일정표!$B:$B,$B22,개발일정표!$H:$H,"<>삭제",개발일정표!$AA:$AA,"<>검수제외",개발일정표!$AF:$AF,"=L1",개발일정표!$AG:$AG,"=Y",개발일정표!$AE:$AE,"<="&$C$1)+COUNTIFS(개발일정표!$A:$A,$A$21,개발일정표!$B:$B,$B22,개발일정표!$H:$H,"<>삭제",개발일정표!$AA:$AA,"<>검수제외",개발일정표!$AF:$AF,"=L2",개발일정표!$AG:$AG,"=Y",개발일정표!$AE:$AE,"<="&$C$1) -> 0 | AC22: =COUNTIFS(개발일정표!$A:$A,$A$21,개발일정표!$B:$B,$B22,개발일정표!$H:$H,"<>삭제",개발일정표!$AA:$AA,"<>검수제외",개발일정표!$AF:$AF,"=L2")-COUNTIFS(개발일정표!$A:$A,$A$21,개발일정표!$B:$B,$B22,개발일정표!$H:$H,"<>삭제",개발일정표!$AA:$AA,"<>검수제외",개발일정표!$AF:$AF,"=L2",개발일정표!$AG:$AG,"=Y",개발일정표!$AE:$AE,"<="&$C$1) -> 0 | AD22: =AA22-(AB22+AC22) -> 0 | AE22: =COUNTIFS(개발일정표!$A:$A,$A$21,개발일정표!$B:$B,$B22,개발일정표!$H:$H,"<>삭제",개발일정표!$AA:$AA,"<>검수제외",개발일정표!$AF:$AF,"=L1")-COUNTIFS(개발일정표!$A:$A,$A$21,개발일정표!$B:$B,$B22,개발일정표!$H:$H,"<>삭제",개발일정표!$AA:$AA,"<>검수제외",개발일정표!$AF:$AF,"=L1",개발일정표!$AG:$AG,"=Y",개발일정표!$AE:$AE,"<="&$C$1) -> 0 | AF22: =IF(AA22=0, 0,(AB22+AC22)/AA22) -> 0 | AG22: =IF(Z22=0,0,(AB22+AC22)/Z22) -> 0 | AH22: =COUNTIFS(개발일정표!$A:$A,$A$21,개발일정표!$B:$B,$B22,개발일정표!$H:$H,"<>삭제",개발일정표!$J:$J,"<>미정") -> 5 | AI22: =COUNTIFS(개발일정표!$A:$A,$A$21,개발일정표!$B:$B,$B22,개발일정표!$H:$H,"<>삭제",개발일정표!$J:$J,"=미정") -> 6
B23: 소계 | C23: =SUM(C21:C22) -> 41 | D23: =SUM(D21:D22) -> 0 | E23: =SUM(E21:E22) -> 0 | F23: =SUM(F21:F22) -> 0 | G23: =SUM(G21:G22) -> 0 | H23: =SUM(H21:H22) -> 0 | I23: =IF(D23=0,0,E23/D23) -> 0 | J23: =IF(C23=0,0,E23/C23) -> 0 | K23: =SUM(K21:K22) -> 0 | L23: =SUM(L21:L22) -> 0 | M23: =SUM(M21:M22) -> 0 | N23: =SUM(N21:N22) -> 0 | O23: =SUM(O21:O22) -> 0 | P23: =IF(K23=0, 0,(L23+M23)/K23) -> 0 | Q23: =IF(C23=0,0,(L23+M23)/C23) -> 0 | R23: =SUM(R21:R22) -> 41 | S23: =SUM(S21:S22) -> 0 | T23: =SUM(T21:T22) -> 0 | U23: =SUM(U21:U22) -> 0 | V23: =SUM(V21:V22) -> 0 | W23: =SUM(W21:W22) -> 0 | X23: =IF(S23=0, 0,(T23+U23)/S23) -> 0 | Y23: =IF(R23=0,0,(T23+U23)/R23) -> 0 | Z23: =SUM(Z21:Z22) -> 41 | AA23: =SUM(AA21:AA22) -> 0 | AB23: =SUM(AB21:AB22) -> 0 | AC23: =SUM(AC21:AC22) -> 0 | AD23: =SUM(AD21:AD22) -> 0 | AE23: =SUM(AE21:AE22) -> 0 | AF23: =IF(AA23=0,0,(AB23+AC23)/AA23) -> 0 | AG23: =IF(Z23=0,0,(AB23+AC23)/Z23) -> 0 | AH23: =SUM(AH21:AH22) -> 26 | AI23: =SUM(AI21:AI22) -> 15
A24: IF | B24: 인터페이스 | C24: =COUNTIFS(개발일정표!$A:$A,$A$24,개발일정표!$B:$B,$B24,개발일정표!$H:$H,"<>삭제") -> 8 | D24: =COUNTIFS(개발일정표!$A:$A,$A$24,개발일정표!$B:$B,$B24,개발일정표!$H:$H,"<>삭제",개발일정표!$J:$J,"<="&$C$1) -> 0 | E24: =COUNTIFS(개발일정표!$A:$A,$A$24,개발일정표!$B:$B,$B24,개발일정표!$H:$H,"<>삭제",개발일정표!$L:$L,"<="&$C$1) -> 0 | F24: =D24-E24 -> 0 | G24: =COUNTIFS(개발일정표!$A:$A,$A$24,개발일정표!$B:$B,$B24,개발일정표!$H:$H,"<>삭제",개발일정표!$K:$K,"<="&$C$1,개발일정표!$L:$L,"") -> 0 | H24: =COUNTIFS(개발일정표!$A:$A,$A$24,개발일정표!$B:$B,$B24,개발일정표!$H:$H,"<>삭제",개발일정표!$J:$J,"="&$C$1) -> 0 | I24: =IF(D24=0,0,E24/D24) -> 0 | J24: =IF(C24=0,0,E24/C24) -> 0 | K24: =COUNTIFS(개발일정표!$A:$A,$A$24,개발일정표!$B:$B,$B24,개발일정표!$H:$H,"<>삭제",개발일정표!$M:$M,"<>검수제외",개발일정표!$O:$O,"<="&$C$1) -> 0 | L24: =COUNTIFS(개발일정표!$A:$A,$A$24,개발일정표!$B:$B,$B24,개발일정표!$H:$H,"<>삭제",개발일정표!$M:$M,"<>검수제외",개발일정표!$R:$R,"=L3",개발일정표!$Q:$Q,"<="&$C$1)+COUNTIFS(개발일정표!$A:$A,$A$24,개발일정표!$B:$B,$B24,개발일정표!$H:$H,"<>삭제",개발일정표!$M:$M,"<>검수제외",개발일정표!$R:$R,"=L1",개발일정표!$S:$S,"=Y",개발일정표!$Q:$Q,"<="&$C$1)+COUNTIFS(개발일정표!$A:$A,$A$24,개발일정표!$B:$B,$B24,개발일정표!$H:$H,"<>삭제",개발일정표!$M:$M,"<>검수제외",개발일정표!$R:$R,"=L2",개발일정표!$S:$S,"=Y",개발일정표!$Q:$Q,"<="&$C$1) -> 0 | M24: =COUNTIFS(개발일정표!$A:$A,$A$24,개발일정표!$B:$B,$B24,개발일정표!$H:$H,"<>삭제",개발일정표!$M:$M,"<>검수제외",개발일정표!$R:$R,"=L2")-COUNTIFS(개발일정표!$A:$A,$A$24,개발일정표!$B:$B,$B24,개발일정표!$H:$H,"<>삭제",개발일정표!$M:$M,"<>검수제외",개발일정표!$R:$R,"=L2",개발일정표!$S:$S,"=Y",개발일정표!$Q:$Q,"<="&$C$1) -> 0 | N24: =K24-(L24+M24) -> 0 | O24: =COUNTIFS(개발일정표!$A:$A,$A$24,개발일정표!$B:$B,$B24,개발일정표!$H:$H,"<>삭제",개발일정표!$M:$M,"<>검수제외",개발일정표!$R:$R,"=L1")-COUNTIFS(개발일정표!$A:$A,$A$24,개발일정표!$B:$B,$B24,개발일정표!$H:$H,"<>삭제",개발일정표!$M:$M,"<>검수제외",개발일정표!$R:$R,"=L1",개발일정표!$S:$S,"=Y",개발일정표!$Q:$Q,"<="&$C$1) -> 0 | P24: =IF(K24=0, 0,(L24+M24)/K24) -> 0 | Q24: =IF(C24=0,0,(L24+M24)/C24) -> 0 | R24: =COUNTIFS(개발일정표!$A:$A,$A$24,개발일정표!$B:$B,$B24,개발일정표!$H:$H,"<>삭제",개발일정표!$T:$T,"<>검수제외") -> 8 | S24: =COUNTIFS(개발일정표!$A:$A,$A$24,개발일정표!$B:$B,$B24,개발일정표!$H:$H,"<>삭제",개발일정표!$T:$T,"<>검수제외",개발일정표!$V:$V,"<="&$C$1) -> 0 | T24: =COUNTIFS(개발일정표!$A:$A,$A$24,개발일정표!$B:$B,$B24,개발일정표!$H:$H,"<>삭제",개발일정표!$T:$T,"<>검수제외",개발일정표!$Y:$Y,"=L3",개발일정표!$X:$X,"<="&$C$1)+COUNTIFS(개발일정표!$A:$A,$A$24,개발일정표!$B:$B,$B24,개발일정표!$H:$H,"<>삭제",개발일정표!$T:$T,"<>검수제외",개발일정표!$Y:$Y,"=L1",개발일정표!$Z:$Z,"=Y",개발일정표!$X:$X,"<="&$C$1)+COUNTIFS(개발일정표!$A:$A,$A$24,개발일정표!$B:$B,$B24,개발일정표!$H:$H,"<>삭제",개발일정표!$T:$T,"<>검수제외",개발일정표!$Y:$Y,"=L2",개발일정표!$Z:$Z,"=Y",개발일정표!$X:$X,"<="&$C$1) -> 0 | U24: =COUNTIFS(개발일정표!$A:$A,$A$24,개발일정표!$B:$B,$B24,개발일정표!$H:$H,"<>삭제",개발일정표!$T:$T,"<>검수제외",개발일정표!$Y:$Y,"=L2")-COUNTIFS(개발일정표!$A:$A,$A$24,개발일정표!$B:$B,$B24,개발일정표!$H:$H,"<>삭제",개발일정표!$T:$T,"<>검수제외",개발일정표!$Y:$Y,"=L2",개발일정표!$Z:$Z,"=Y",개발일정표!$X:$X,"<="&$C$1) -> 0 | V24: =S24-(T24+U24) -> 0 | W24: =COUNTIFS(개발일정표!$A:$A,$A$24,개발일정표!$B:$B,$B24,개발일정표!$H:$H,"<>삭제",개발일정표!$T:$T,"<>검수제외",개발일정표!$Y:$Y,"=L1")-COUNTIFS(개발일정표!$A:$A,$A$24,개발일정표!$B:$B,$B24,개발일정표!$H:$H,"<>삭제",개발일정표!$T:$T,"<>검수제외",개발일정표!$Y:$Y,"=L1",개발일정표!$Z:$Z,"=Y",개발일정표!$X:$X,"<="&$C$1) -> 0 | X24: =IF(S24=0, 0,(T24+U24)/S24) -> 0 | Y24: =IF(R24=0,0,(T24+U24)/R24) -> 0 | Z24: =COUNTIFS(개발일정표!$A:$A,$A$24,개발일정표!$B:$B,$B24,개발일정표!$H:$H,"<>삭제",개발일정표!$AA:$AA,"<>검수제외") -> 8 | AA24: =COUNTIFS(개발일정표!$A:$A,$A$24,개발일정표!$B:$B,$B24,개발일정표!$H:$H,"<>삭제",개발일정표!$AA:$AA,"<>검수제외",개발일정표!$AC:$AC,"<="&$C$1) -> 0 | AB24: =COUNTIFS(개발일정표!$A:$A,$A$24,개발일정표!$B:$B,$B24,개발일정표!$H:$H,"<>삭제",개발일정표!$AA:$AA,"<>검수제외",개발일정표!$AF:$AF,"=L3",개발일정표!$AE:$AE,"<="&$C$1)+COUNTIFS(개발일정표!$A:$A,$A$24,개발일정표!$B:$B,$B24,개발일정표!$H:$H,"<>삭제",개발일정표!$AA:$AA,"<>검수제외",개발일정표!$AF:$AF,"=L1",개발일정표!$AG:$AG,"=Y",개발일정표!$AE:$AE,"<="&$C$1)+COUNTIFS(개발일정표!$A:$A,$A$24,개발일정표!$B:$B,$B24,개발일정표!$H:$H,"<>삭제",개발일정표!$AA:$AA,"<>검수제외",개발일정표!$AF:$AF,"=L2",개발일정표!$AG:$AG,"=Y",개발일정표!$AE:$AE,"<="&$C$1) -> 0 | AC24: =COUNTIFS(개발일정표!$A:$A,$A$24,개발일정표!$B:$B,$B24,개발일정표!$H:$H,"<>삭제",개발일정표!$AA:$AA,"<>검수제외",개발일정표!$AF:$AF,"=L2")-COUNTIFS(개발일정표!$A:$A,$A$24,개발일정표!$B:$B,$B24,개발일정표!$H:$H,"<>삭제",개발일정표!$AA:$AA,"<>검수제외",개발일정표!$AF:$AF,"=L2",개발일정표!$AG:$AG,"=Y",개발일정표!$AE:$AE,"<="&$C$1) -> 0 | AD24: =AA24-(AB24+AC24) -> 0 | AE24: =COUNTIFS(개발일정표!$A:$A,$A$24,개발일정표!$B:$B,$B24,개발일정표!$H:$H,"<>삭제",개발일정표!$AA:$AA,"<>검수제외",개발일정표!$AF:$AF,"=L1")-COUNTIFS(개발일정표!$A:$A,$A$24,개발일정표!$B:$B,$B24,개발일정표!$H:$H,"<>삭제",개발일정표!$AA:$AA,"<>검수제외",개발일정표!$AF:$AF,"=L1",개발일정표!$AG:$AG,"=Y",개발일정표!$AE:$AE,"<="&$C$1) -> 0 | AF24: =IF(AA24=0, 0,(AB24+AC24)/AA24) -> 0 | AG24: =IF(Z24=0,0,(AB24+AC24)/Z24) -> 0 | AH24: =COUNTIFS(개발일정표!$A:$A,$A$24,개발일정표!$B:$B,$B24,개발일정표!$H:$H,"<>삭제",개발일정표!$J:$J,"<>미정") -> 7 | AI24: =COUNTIFS(개발일정표!$A:$A,$A$24,개발일정표!$B:$B,$B24,개발일정표!$H:$H,"<>삭제",개발일정표!$J:$J,"=미정") -> 1
C25: =COUNTIFS(개발일정표!$A:$A,$A$24,개발일정표!$B:$B,$B25,개발일정표!$H:$H,"<>삭제") -> 0 | D25: =COUNTIFS(개발일정표!$A:$A,$A$24,개발일정표!$B:$B,$B25,개발일정표!$H:$H,"<>삭제",개발일정표!$J:$J,"<="&$C$1) -> 0 | E25: =COUNTIFS(개발일정표!$A:$A,$A$24,개발일정표!$B:$B,$B25,개발일정표!$H:$H,"<>삭제",개발일정표!$L:$L,"<="&$C$1) -> 0 | F25: =D25-E25 -> 0 | G25: =COUNTIFS(개발일정표!$A:$A,$A$24,개발일정표!$B:$B,$B25,개발일정표!$H:$H,"<>삭제",개발일정표!$K:$K,"<="&$C$1,개발일정표!$L:$L,"") -> 0 | H25: =COUNTIFS(개발일정표!$A:$A,$A$24,개발일정표!$B:$B,$B25,개발일정표!$H:$H,"<>삭제",개발일정표!$J:$J,"="&$C$1) -> 0 | I25: =IF(D25=0,0,E25/D25) -> 0 | J25: =IF(C25=0,0,E25/C25) -> 0 | K25: =COUNTIFS(개발일정표!$A:$A,$A$24,개발일정표!$B:$B,$B25,개발일정표!$H:$H,"<>삭제",개발일정표!$M:$M,"<>검수제외",개발일정표!$O:$O,"<="&$C$1) -> 0 | L25: =COUNTIFS(개발일정표!$A:$A,$A$24,개발일정표!$B:$B,$B25,개발일정표!$H:$H,"<>삭제",개발일정표!$M:$M,"<>검수제외",개발일정표!$R:$R,"=L3",개발일정표!$Q:$Q,"<="&$C$1)+COUNTIFS(개발일정표!$A:$A,$A$24,개발일정표!$B:$B,$B25,개발일정표!$H:$H,"<>삭제",개발일정표!$M:$M,"<>검수제외",개발일정표!$R:$R,"=L1",개발일정표!$S:$S,"=Y",개발일정표!$Q:$Q,"<="&$C$1) -> 0 | M25: =COUNTIFS(개발일정표!$A:$A,$A$24,개발일정표!$B:$B,$B25,개발일정표!$H:$H,"<>삭제",개발일정표!$M:$M,"<>검수제외",개발일정표!$R:$R,"=L2")-COUNTIFS(개발일정표!$A:$A,$A$24,개발일정표!$B:$B,$B25,개발일정표!$H:$H,"<>삭제",개발일정표!$M:$M,"<>검수제외",개발일정표!$R:$R,"=L2",개발일정표!$S:$S,"=Y",개발일정표!$Q:$Q,"<="&$C$1) -> 0 | N25: =K25-(L25+M25) -> 0 | O25: =COUNTIFS(개발일정표!$A:$A,$A$24,개발일정표!$B:$B,$B25,개발일정표!$H:$H,"<>삭제",개발일정표!$M:$M,"<>검수제외",개발일정표!$R:$R,"=L1")-COUNTIFS(개발일정표!$A:$A,$A$24,개발일정표!$B:$B,$B25,개발일정표!$H:$H,"<>삭제",개발일정표!$M:$M,"<>검수제외",개발일정표!$R:$R,"=L1",개발일정표!$S:$S,"=Y",개발일정표!$Q:$Q,"<="&$C$1) -> 0 | P25: =IF(K25=0, 0,(L25+M25)/K25) -> 0 | Q25: =IF(C25=0,0,(L25+M25)/C25) -> 0 | R25: =COUNTIFS(개발일정표!$A:$A,$A$24,개발일정표!$B:$B,$B25,개발일정표!$H:$H,"<>삭제",개발일정표!$T:$T,"<>검수제외") -> 0 | S25: =COUNTIFS(개발일정표!$A:$A,$A$24,개발일정표!$B:$B,$B25,개발일정표!$H:$H,"<>삭제",개발일정표!$T:$T,"<>검수제외",개발일정표!$V:$V,"<="&$C$1) -> 0 | T25: =COUNTIFS(개발일정표!$A:$A,$A$24,개발일정표!$B:$B,$B25,개발일정표!$H:$H,"<>삭제",개발일정표!$T:$T,"<>검수제외",개발일정표!$Y:$Y,"=L3",개발일정표!$X:$X,"<="&$C$1)+COUNTIFS(개발일정표!$A:$A,$A$24,개발일정표!$B:$B,$B25,개발일정표!$H:$H,"<>삭제",개발일정표!$T:$T,"<>검수제외",개발일정표!$Y:$Y,"=L1",개발일정표!$Z:$Z,"=Y",개발일정표!$X:$X,"<="&$C$1) -> 0 | U25: =COUNTIFS(개발일정표!$A:$A,$A$24,개발일정표!$B:$B,$B25,개발일정표!$H:$H,"<>삭제",개발일정표!$T:$T,"<>검수제외",개발일정표!$Y:$Y,"=L2") -> 0 | V25: =S25-(T25+U25) -> 0 | W25: =COUNTIFS(개발일정표!$A:$A,$A$24,개발일정표!$B:$B,$B25,개발일정표!$H:$H,"<>삭제",개발일정표!$T:$T,"<>검수제외",개발일정표!$Y:$Y,"=L1")-COUNTIFS(개발일정표!$A:$A,$A$24,개발일정표!$B:$B,$B25,개발일정표!$H:$H,"<>삭제",개발일정표!$T:$T,"<>검수제외",개발일정표!$Y:$Y,"=L1",개발일정표!$Z:$Z,"=Y",개발일정표!$X:$X,"<="&$C$1) -> 0 | X25: =IF(S25=0, 0,(T25+U25)/S25) -> 0 | Y25: =IF(R25=0,0,(T25+U25)/R25) -> 0 | Z25: =COUNTIFS(개발일정표!$A:$A,$A$24,개발일정표!$B:$B,$B25,개발일정표!$H:$H,"<>삭제",개발일정표!$AA:$AA,"<>검수제외") -> 0 | AA25: =COUNTIFS(개발일정표!$A:$A,$A$24,개발일정표!$B:$B,$B25,개발일정표!$H:$H,"<>삭제",개발일정표!$AA:$AA,"<>검수제외",개발일정표!$AC:$AC,"<="&$C$1) -> 0 | AB25: =COUNTIFS(개발일정표!$A:$A,$A$24,개발일정표!$B:$B,$B25,개발일정표!$H:$H,"<>삭제",개발일정표!$AA:$AA,"<>검수제외",개발일정표!$AF:$AF,"=L3",개발일정표!$AE:$AE,"<="&$C$1)+COUNTIFS(개발일정표!$A:$A,$A$24,개발일정표!$B:$B,$B25,개발일정표!$H:$H,"<>삭제",개발일정표!$AA:$AA,"<>검수제외",개발일정표!$AF:$AF,"=L1",개발일정표!$AG:$AG,"=Y",개발일정표!$AE:$AE,"<="&$C$1) -> 0 | AC25: =COUNTIFS(개발일정표!$A:$A,$A$24,개발일정표!$B:$B,$B25,개발일정표!$H:$H,"<>삭제",개발일정표!$AA:$AA,"<>검수제외",개발일정표!$AF:$AF,"=L2") -> 0 | AD25: =AA25-(AB25+AC25) -> 0 | AE25: =COUNTIFS(개발일정표!$A:$A,$A$24,개발일정표!$B:$B,$B25,개발일정표!$H:$H,"<>삭제",개발일정표!$AA:$AA,"<>검수제외",개발일정표!$AF:$AF,"=L1")-COUNTIFS(개발일정표!$A:$A,$A$24,개발일정표!$B:$B,$B25,개발일정표!$H:$H,"<>삭제",개발일정표!$AA:$AA,"<>검수제외",개발일정표!$AF:$AF,"=L1",개발일정표!$AG:$AG,"=Y",개발일정표!$AE:$AE,"<="&$C$1) -> 0 | AF25: =IF(AA25=0, 0,(AB25+AC25)/AA25) -> 0 | AG25: =IF(Z25=0,0,(AB25+AC25)/Z25) -> 0 | AH25: =COUNTIFS(개발일정표!$A:$A,$A$24,개발일정표!$B:$B,$B25,개발일정표!$H:$H,"<>삭제") -> 0 | AI25: =COUNTIFS(개발일정표!$A:$A,$A$24,개발일정표!$B:$B,$B25,개발일정표!$H:$H,"<>삭제") -> 0
B26: 소계 | C26: =SUM(C24:C25) -> 8 | D26: =SUM(D24:D25) -> 0 | E26: =SUM(E24:E25) -> 0 | F26: =SUM(F24:F25) -> 0 | G26: =SUM(G24:G25) -> 0 | H26: =SUM(H24:H25) -> 0 | I26: =IF(D26=0,0,E26/D26) -> 0 | J26: =IF(C26=0,0,E26/C26) -> 0 | K26: =SUM(K24:K25) -> 0 | L26: =SUM(L24:L25) -> 0 | M26: =SUM(M24:M25) -> 0 | N26: =SUM(N24:N25) -> 0 | O26: =SUM(O24:O25) -> 0 | P26: =IF(K26=0, 0,(L26+M26)/K26) -> 0 | Q26: =IF(C26=0,0,(L26+M26)/C26) -> 0 | R26: =SUM(R24:R25) -> 8 | S26: =SUM(S24:S25) -> 0 | T26: =SUM(T24:T25) -> 0 | U26: =SUM(U24:U25) -> 0 | V26: =SUM(V24:V25) -> 0 | W26: =SUM(W24:W25) -> 0 | X26: =IF(S26=0, 0,(T26+U26)/S26) -> 0 | Y26: =IF(R26=0,0,(T26+U26)/R26) -> 0 | Z26: =SUM(Z24:Z25) -> 8 | AA26: =SUM(AA24:AA25) -> 0 | AB26: =SUM(AB24:AB25) -> 0 | AC26: =SUM(AC24:AC25) -> 0 | AD26: =SUM(AD24:AD25) -> 0 | AE26: =SUM(AE24:AE25) -> 0 | AF26: =IF(AA26=0,0,(AB26+AC26)/AA26) -> 0 | AG26: =IF(Z26=0,0,(AB26+AC26)/Z26) -> 0 | AH26: =SUM(AH24:AH25) -> 7 | AI26: =SUM(AI24:AI25) -> 1
A27: 합계 | C27: =C7+C12+C16+C18+C20+C23+C26 -> 130 | D27: =D7+D12+D16+D18+D20+D23+D26 -> 18 | E27: =E7+E12+E16+E18+E20+E23+E26 -> 9 | F27: =F7+F12+F16+F18+F20+F23+F26 -> 9 | G27: =G7+G12+G16+G18+G20+G23+G26 -> 8 | H27: =H7+H12+H16+H18+H20+H23+H26 -> 2 | I27: =IF(D27=0,0,E27/D27) -> 0.5 | J27: =IF(C27=0,0,E27/C27) -> 0.069230769 | K27: =K7+K12+K16+K18+K20+K23+K26 -> 0 | L27: =L7+L12+L16+L18+L20+L23+L26 -> 0 | M27: =M7+M12+M16+M18+M20+M23+M26 -> 0 | N27: =N7+N12+N16+N18+N20+N23+N26 -> 0 | O27: =O7+O12+O16+O18+O20+O23+O26 -> 0 | P27: =IF(K27=0, 0,(L27+M27)/K27) -> 0 | Q27: =IF(C27=0,0,(L27+M27)/C27) -> 0 | R27: =R7+R12+R16+R18+R20+R23+R26 -> 130 | S27: =S7+S12+S16+S18+S20+S23+S26 -> 0 | T27: =T7+T12+T16+T18+T20+T23+T26 -> 0 | U27: =U7+U12+U16+U18+U20+U23+U26 -> 0 | V27: =V7+V12+V16+V18+V20+V23+V26 -> 0 | W27: =W7+W12+W16+W18+W20+W23+W26 -> 0 | X27: =IF(S27=0, 0,(T27+U27)/S27) -> 0 | Y27: =IF(R27=0,0,(T27+U27)/R27) -> 0 | Z27: =Z7+Z12+Z16+Z18+Z20+Z23+Z26 -> 130 | AA27: =AA7+AA12+AA16+AA18+AA20+AA23+AA26 -> 0 | AB27: =AB7+AB12+AB16+AB18+AB20+AB23+AB26 -> 0 | AC27: =AC7+AC12+AC16+AC18+AC20+AC23+AC26 -> 0 | AD27: =AD7+AD12+AD16+AD18+AD20+AD23+AD26 -> 0 | AE27: =AE7+AE12+AE16+AE18+AE20+AE23+AE26 -> 0 | AF27: =IF(AA27=0,0,(AB27+AC27)/AA27) -> 0 | AG27: =IF(Z27=0,0,(AB27+AC27)/Z27) -> 0 | AH27: =AH7+AH12+AH16+AH18+AH20+AH23+AH26 -> 83 | AI27: =AI7+AI12+AI16+AI18+AI20+AI23+AI26 -> 47
M28: =L27+M27 -> 0 | O28: =L27+M27+O27 -> 0 | P28: =IF(K27=0, 0,(L27+M27+O27)/K27) -> 0 | Q28: =IF(C27=0,0,(L27+M27+O27)/C27) -> 0 | U28: =T27+U27 -> 0 | W28: =T27+U27+W27 -> 0 | X28: =IF(S27=0, 0,(T27+U27+W27)/S27) -> 0 | Y28: =IF(R27=0,0,(T27+U27+W27)/R27) -> 0 | AC28: =AB27+AC27 -> 0 | AE28: =AB27+AC27+AE27 -> 0 | AF28: =IF(AA27=0, 0,(AB27+AC27+AE27)/AA27) -> 0 | AG28: =IF(Z27=0,0,(AB27+AC27+AE27)/Z27) -> 0
A29: PDA | B29: 입고처리 | C29: =COUNTIFS(개발일정표!$A:$A,$A$29,개발일정표!$B:$B,$B29,개발일정표!$H:$H,"<>삭제") -> 2 | D29: =COUNTIFS(개발일정표!$A:$A,$A$29,개발일정표!$B:$B,$B29,개발일정표!$H:$H,"<>삭제",개발일정표!$J:$J,"<="&$C$1) -> 0 | E29: =COUNTIFS(개발일정표!$A:$A,$A$29,개발일정표!$B:$B,$B29,개발일정표!$H:$H,"<>삭제",개발일정표!$L:$L,"<="&$C$1) -> 0 | F29: =D29-E29 -> 0 | G29: =COUNTIFS(개발일정표!$A:$A,$A$29,개발일정표!$B:$B,$B29,개발일정표!$H:$H,"<>삭제",개발일정표!$K:$K,"<="&$C$1,개발일정표!$L:$L,"") -> 0 | H29: =COUNTIFS(개발일정표!$A:$A,$A$29,개발일정표!$B:$B,$B29,개발일정표!$H:$H,"<>삭제",개발일정표!$J:$J,"="&$C$1) -> 0 | I29: =IF(D29=0,0,E29/D29) -> 0 | J29: =IF(C29=0,0,E29/C29) -> 0 | K29: =COUNTIFS(개발일정표!$A:$A,$A$29,개발일정표!$B:$B,$B29,개발일정표!$H:$H,"<>삭제",개발일정표!$M:$M,"<>검수제외",개발일정표!$O:$O,"<="&$C$1) -> 0 | L29: =COUNTIFS(개발일정표!$A:$A,$A$29,개발일정표!$B:$B,$B29,개발일정표!$H:$H,"<>삭제",개발일정표!$M:$M,"<>검수제외",개발일정표!$R:$R,"=L3",개발일정표!$Q:$Q,"<="&$C$1)+COUNTIFS(개발일정표!$A:$A,$A$29,개발일정표!$B:$B,$B29,개발일정표!$H:$H,"<>삭제",개발일정표!$M:$M,"<>검수제외",개발일정표!$R:$R,"=L1",개발일정표!$S:$S,"=Y",개발일정표!$Q:$Q,"<="&$C$1)+COUNTIFS(개발일정표!$A:$A,$A$29,개발일정표!$B:$B,$B29,개발일정표!$H:$H,"<>삭제",개발일정표!$M:$M,"<>검수제외",개발일정표!$R:$R,"=L2",개발일정표!$S:$S,"=Y",개발일정표!$Q:$Q,"<="&$C$1) -> 0 | M29: =COUNTIFS(개발일정표!$A:$A,$A$29,개발일정표!$B:$B,$B29,개발일정표!$H:$H,"<>삭제",개발일정표!$M:$M,"<>검수제외",개발일정표!$R:$R,"=L2")-COUNTIFS(개발일정표!$A:$A,$A$29,개발일정표!$B:$B,$B29,개발일정표!$H:$H,"<>삭제",개발일정표!$M:$M,"<>검수제외",개발일정표!$R:$R,"=L2",개발일정표!$S:$S,"=Y",개발일정표!$Q:$Q,"<="&$C$1) -> 0 | N29: =K29-(L29+M29) -> 0 | O29: =COUNTIFS(개발일정표!$A:$A,$A$29,개발일정표!$B:$B,$B29,개발일정표!$H:$H,"<>삭제",개발일정표!$M:$M,"<>검수제외",개발일정표!$R:$R,"=L1")-COUNTIFS(개발일정표!$A:$A,$A$29,개발일정표!$B:$B,$B29,개발일정표!$H:$H,"<>삭제",개발일정표!$M:$M,"<>검수제외",개발일정표!$R:$R,"=L1",개발일정표!$S:$S,"=Y",개발일정표!$Q:$Q,"<="&$C$1) -> 0 | P29: =IF(K29=0, 0,(L29+M29)/K29) -> 0 | Q29: =IF(C29=0,0,(L29+M29)/C29) -> 0 | R29: =COUNTIFS(개발일정표!$A:$A,$A$29,개발일정표!$B:$B,$B29,개발일정표!$H:$H,"<>삭제",개발일정표!$T:$T,"<>검수제외") -> 2 | S29: =COUNTIFS(개발일정표!$A:$A,$A$29,개발일정표!$B:$B,$B29,개발일정표!$H:$H,"<>삭제",개발일정표!$T:$T,"<>검수제외",개발일정표!$V:$V,"<="&$C$1) -> 0 | T29: =COUNTIFS(개발일정표!$A:$A,$A$29,개발일정표!$B:$B,$B29,개발일정표!$H:$H,"<>삭제",개발일정표!$T:$T,"<>검수제외",개발일정표!$Y:$Y,"=L3",개발일정표!$X:$X,"<="&$C$1)+COUNTIFS(개발일정표!$A:$A,$A$29,개발일정표!$B:$B,$B29,개발일정표!$H:$H,"<>삭제",개발일정표!$T:$T,"<>검수제외",개발일정표!$Y:$Y,"=L1",개발일정표!$Z:$Z,"=Y",개발일정표!$X:$X,"<="&$C$1)+COUNTIFS(개발일정표!$A:$A,$A$29,개발일정표!$B:$B,$B29,개발일정표!$H:$H,"<>삭제",개발일정표!$T:$T,"<>검수제외",개발일정표!$Y:$Y,"=L2",개발일정표!$Z:$Z,"=Y",개발일정표!$X:$X,"<="&$C$1) -> 0 | U29: =COUNTIFS(개발일정표!$A:$A,$A$29,개발일정표!$B:$B,$B29,개발일정표!$H:$H,"<>삭제",개발일정표!$T:$T,"<>검수제외",개발일정표!$Y:$Y,"=L2")-COUNTIFS(개발일정표!$A:$A,$A$29,개발일정표!$B:$B,$B29,개발일정표!$H:$H,"<>삭제",개발일정표!$T:$T,"<>검수제외",개발일정표!$Y:$Y,"=L2",개발일정표!$Z:$Z,"=Y",개발일정표!$X:$X,"<="&$C$1) -> 0 | V29: =S29-(T29+U29) -> 0 | W29: =COUNTIFS(개발일정표!$A:$A,$A$29,개발일정표!$B:$B,$B29,개발일정표!$H:$H,"<>삭제",개발일정표!$T:$T,"<>검수제외",개발일정표!$Y:$Y,"=L1")-COUNTIFS(개발일정표!$A:$A,$A$29,개발일정표!$B:$B,$B29,개발일정표!$H:$H,"<>삭제",개발일정표!$T:$T,"<>검수제외",개발일정표!$Y:$Y,"=L1",개발일정표!$Z:$Z,"=Y",개발일정표!$X:$X,"<="&$C$1) -> 0 | X29: =IF(S29=0, 0,(T29+U29)/S29) -> 0 | Y29: =IF(R29=0,0,(T29+U29)/R29) -> 0 | Z29: =COUNTIFS(개발일정표!$A:$A,$A$29,개발일정표!$B:$B,$B29,개발일정표!$H:$H,"<>삭제",개발일정표!$AA:$AA,"<>검수제외") -> 2 | AA29: =COUNTIFS(개발일정표!$A:$A,$A$29,개발일정표!$B:$B,$B29,개발일정표!$H:$H,"<>삭제",개발일정표!$AA:$AA,"<>검수제외",개발일정표!$AC:$AC,"<="&$C$1) -> 0 | AB29: =COUNTIFS(개발일정표!$A:$A,$A$29,개발일정표!$B:$B,$B29,개발일정표!$H:$H,"<>삭제",개발일정표!$AA:$AA,"<>검수제외",개발일정표!$AF:$AF,"=L3",개발일정표!$AE:$AE,"<="&$C$1)+COUNTIFS(개발일정표!$A:$A,$A$29,개발일정표!$B:$B,$B29,개발일정표!$H:$H,"<>삭제",개발일정표!$AA:$AA,"<>검수제외",개발일정표!$AF:$AF,"=L1",개발일정표!$AG:$AG,"=Y",개발일정표!$AE:$AE,"<="&$C$1)+COUNTIFS(개발일정표!$A:$A,$A$29,개발일정표!$B:$B,$B29,개발일정표!$H:$H,"<>삭제",개발일정표!$AA:$AA,"<>검수제외",개발일정표!$AF:$AF,"=L2",개발일정표!$AG:$AG,"=Y",개발일정표!$AE:$AE,"<="&$C$1) -> 0 | AC29: =COUNTIFS(개발일정표!$A:$A,$A$29,개발일정표!$B:$B,$B29,개발일정표!$H:$H,"<>삭제",개발일정표!$AA:$AA,"<>검수제외",개발일정표!$AF:$AF,"=L2")-COUNTIFS(개발일정표!$A:$A,$A$29,개발일정표!$B:$B,$B29,개발일정표!$H:$H,"<>삭제",개발일정표!$AA:$AA,"<>검수제외",개발일정표!$AF:$AF,"=L2",개발일정표!$AG:$AG,"=Y",개발일정표!$AE:$AE,"<="&$C$1) -> 0 | AD29: =AA29-(AB29+AC29) -> 0 | AE29: =COUNTIFS(개발일정표!$A:$A,$A$29,개발일정표!$B:$B,$B29,개발일정표!$H:$H,"<>삭제",개발일정표!$AA:$AA,"<>검수제외",개발일정표!$AF:$AF,"=L1")-COUNTIFS(개발일정표!$A:$A,$A$29,개발일정표!$B:$B,$B29,개발일정표!$H:$H,"<>삭제",개발일정표!$AA:$AA,"<>검수제외",개발일정표!$AF:$AF,"=L1",개발일정표!$AG:$AG,"=Y",개발일정표!$AE:$AE,"<="&$C$1) -> 0 | AF29: =IF(AA29=0, 0,(AB29+AC29)/AA29) -> 0 | AG29: =IF(Z29=0,0,(AB29+AC29)/Z29) -> 0 | AH29: =COUNTIFS(개발일정표!$A:$A,$A$29,개발일정표!$B:$B,$B29,개발일정표!$H:$H,"<>삭제",개발일정표!$J:$J,"<>미정") -> 0 | AI29: =COUNTIFS(개발일정표!$A:$A,$A$29,개발일정표!$B:$B,$B29,개발일정표!$H:$H,"<>삭제",개발일정표!$J:$J,"=미정") -> 2
B30: 출고처리 | C30: =COUNTIFS(개발일정표!$A:$A,$A$29,개발일정표!$B:$B,$B30,개발일정표!$H:$H,"<>삭제") -> 2 | D30: =COUNTIFS(개발일정표!$A:$A,$A$29,개발일정표!$B:$B,$B30,개발일정표!$H:$H,"<>삭제",개발일정표!$J:$J,"<="&$C$1) -> 0 | E30: =COUNTIFS(개발일정표!$A:$A,$A$29,개발일정표!$B:$B,$B30,개발일정표!$H:$H,"<>삭제",개발일정표!$L:$L,"<="&$C$1) -> 0 | F30: =D30-E30 -> 0 | G30: =COUNTIFS(개발일정표!$A:$A,$A$29,개발일정표!$B:$B,$B30,개발일정표!$H:$H,"<>삭제",개발일정표!$K:$K,"<="&$C$1,개발일정표!$L:$L,"") -> 0 | H30: =COUNTIFS(개발일정표!$A:$A,$A$29,개발일정표!$B:$B,$B30,개발일정표!$H:$H,"<>삭제",개발일정표!$J:$J,"="&$C$1) -> 0 | I30: =IF(D30=0,0,E30/D30) -> 0 | J30: =IF(C30=0,0,E30/C30) -> 0 | K30: =COUNTIFS(개발일정표!$A:$A,$A$29,개발일정표!$B:$B,$B30,개발일정표!$H:$H,"<>삭제",개발일정표!$M:$M,"<>검수제외",개발일정표!$O:$O,"<="&$C$1) -> 0 | L30: =COUNTIFS(개발일정표!$A:$A,$A$29,개발일정표!$B:$B,$B30,개발일정표!$H:$H,"<>삭제",개발일정표!$M:$M,"<>검수제외",개발일정표!$R:$R,"=L3",개발일정표!$Q:$Q,"<="&$C$1)+COUNTIFS(개발일정표!$A:$A,$A$29,개발일정표!$B:$B,$B30,개발일정표!$H:$H,"<>삭제",개발일정표!$M:$M,"<>검수제외",개발일정표!$R:$R,"=L1",개발일정표!$S:$S,"=Y",개발일정표!$Q:$Q,"<="&$C$1)+COUNTIFS(개발일정표!$A:$A,$A$29,개발일정표!$B:$B,$B30,개발일정표!$H:$H,"<>삭제",개발일정표!$M:$M,"<>검수제외",개발일정표!$R:$R,"=L2",개발일정표!$S:$S,"=Y",개발일정표!$Q:$Q,"<="&$C$1) -> 0 | M30: =COUNTIFS(개발일정표!$A:$A,$A$29,개발일정표!$B:$B,$B30,개발일정표!$H:$H,"<>삭제",개발일정표!$M:$M,"<>검수제외",개발일정표!$R:$R,"=L2")-COUNTIFS(개발일정표!$A:$A,$A$29,개발일정표!$B:$B,$B30,개발일정표!$H:$H,"<>삭제",개발일정표!$M:$M,"<>검수제외",개발일정표!$R:$R,"=L2",개발일정표!$S:$S,"=Y",개발일정표!$Q:$Q,"<="&$C$1) -> 0 | N30: =K30-(L30+M30) -> 0 | O30: =COUNTIFS(개발일정표!$A:$A,$A$29,개발일정표!$B:$B,$B30,개발일정표!$H:$H,"<>삭제",개발일정표!$M:$M,"<>검수제외",개발일정표!$R:$R,"=L1")-COUNTIFS(개발일정표!$A:$A,$A$29,개발일정표!$B:$B,$B30,개발일정표!$H:$H,"<>삭제",개발일정표!$M:$M,"<>검수제외",개발일정표!$R:$R,"=L1",개발일정표!$S:$S,"=Y",개발일정표!$Q:$Q,"<="&$C$1) -> 0 | P30: =IF(K30=0, 0,(L30+M30)/K30) -> 0 | Q30: =IF(C30=0,0,(L30+M30)/C30) -> 0 | R30: =COUNTIFS(개발일정표!$A:$A,$A$29,개발일정표!$B:$B,$B30,개발일정표!$H:$H,"<>삭제",개발일정표!$T:$T,"<>검수제외") -> 2 | S30: =COUNTIFS(개발일정표!$A:$A,$A$29,개발일정표!$B:$B,$B30,개발일정표!$H:$H,"<>삭제",개발일정표!$T:$T,"<>검수제외",개발일정표!$V:$V,"<="&$C$1) -> 0 | T30: =COUNTIFS(개발일정표!$A:$A,$A$29,개발일정표!$B:$B,$B30,개발일정표!$H:$H,"<>삭제",개발일정표!$T:$T,"<>검수제외",개발일정표!$Y:$Y,"=L3",개발일정표!$X:$X,"<="&$C$1)+COUNTIFS(개발일정표!$A:$A,$A$29,개발일정표!$B:$B,$B30,개발일정표!$H:$H,"<>삭제",개발일정표!$T:$T,"<>검수제외",개발일정표!$Y:$Y,"=L1",개발일정표!$Z:$Z,"=Y",개발일정표!$X:$X,"<="&$C$1)+COUNTIFS(개발일정표!$A:$A,$A$29,개발일정표!$B:$B,$B30,개발일정표!$H:$H,"<>삭제",개발일정표!$T:$T,"<>검수제외",개발일정표!$Y:$Y,"=L2",개발일정표!$Z:$Z,"=Y",개발일정표!$X:$X,"<="&$C$1) -> 0 | U30: =COUNTIFS(개발일정표!$A:$A,$A$29,개발일정표!$B:$B,$B30,개발일정표!$H:$H,"<>삭제",개발일정표!$T:$T,"<>검수제외",개발일정표!$Y:$Y,"=L2")-COUNTIFS(개발일정표!$A:$A,$A$29,개발일정표!$B:$B,$B30,개발일정표!$H:$H,"<>삭제",개발일정표!$T:$T,"<>검수제외",개발일정표!$Y:$Y,"=L2",개발일정표!$Z:$Z,"=Y",개발일정표!$X:$X,"<="&$C$1) -> 0 | V30: =S30-(T30+U30) -> 0 | W30: =COUNTIFS(개발일정표!$A:$A,$A$29,개발일정표!$B:$B,$B30,개발일정표!$H:$H,"<>삭제",개발일정표!$T:$T,"<>검수제외",개발일정표!$Y:$Y,"=L1")-COUNTIFS(개발일정표!$A:$A,$A$29,개발일정표!$B:$B,$B30,개발일정표!$H:$H,"<>삭제",개발일정표!$T:$T,"<>검수제외",개발일정표!$Y:$Y,"=L1",개발일정표!$Z:$Z,"=Y",개발일정표!$X:$X,"<="&$C$1) -> 0 | X30: =IF(S30=0, 0,(T30+U30)/S30) -> 0 | Y30: =IF(R30=0,0,(T30+U30)/R30) -> 0 | Z30: =COUNTIFS(개발일정표!$A:$A,$A$29,개발일정표!$B:$B,$B30,개발일정표!$H:$H,"<>삭제",개발일정표!$AA:$AA,"<>검수제외") -> 2 | AA30: =COUNTIFS(개발일정표!$A:$A,$A$29,개발일정표!$B:$B,$B30,개발일정표!$H:$H,"<>삭제",개발일정표!$AA:$AA,"<>검수제외",개발일정표!$AC:$AC,"<="&$C$1) -> 0 | AB30: =COUNTIFS(개발일정표!$A:$A,$A$29,개발일정표!$B:$B,$B30,개발일정표!$H:$H,"<>삭제",개발일정표!$AA:$AA,"<>검수제외",개발일정표!$AF:$AF,"=L3",개발일정표!$AE:$AE,"<="&$C$1)+COUNTIFS(개발일정표!$A:$A,$A$29,개발일정표!$B:$B,$B30,개발일정표!$H:$H,"<>삭제",개발일정표!$AA:$AA,"<>검수제외",개발일정표!$AF:$AF,"=L1",개발일정표!$AG:$AG,"=Y",개발일정표!$AE:$AE,"<="&$C$1)+COUNTIFS(개발일정표!$A:$A,$A$29,개발일정표!$B:$B,$B30,개발일정표!$H:$H,"<>삭제",개발일정표!$AA:$AA,"<>검수제외",개발일정표!$AF:$AF,"=L2",개발일정표!$AG:$AG,"=Y",개발일정표!$AE:$AE,"<="&$C$1) -> 0 | AC30: =COUNTIFS(개발일정표!$A:$A,$A$29,개발일정표!$B:$B,$B30,개발일정표!$H:$H,"<>삭제",개발일정표!$AA:$AA,"<>검수제외",개발일정표!$AF:$AF,"=L2")-COUNTIFS(개발일정표!$A:$A,$A$29,개발일정표!$B:$B,$B30,개발일정표!$H:$H,"<>삭제",개발일정표!$AA:$AA,"<>검수제외",개발일정표!$AF:$AF,"=L2",개발일정표!$AG:$AG,"=Y",개발일정표!$AE:$AE,"<="&$C$1) -> 0 | AD30: =AA30-(AB30+AC30) -> 0 | AE30: =COUNTIFS(개발일정표!$A:$A,$A$29,개발일정표!$B:$B,$B30,개발일정표!$H:$H,"<>삭제",개발일정표!$AA:$AA,"<>검수제외",개발일정표!$AF:$AF,"=L1")-COUNTIFS(개발일정표!$A:$A,$A$29,개발일정표!$B:$B,$B30,개발일정표!$H:$H,"<>삭제",개발일정표!$AA:$AA,"<>검수제외",개발일정표!$AF:$AF,"=L1",개발일정표!$AG:$AG,"=Y",개발일정표!$AE:$AE,"<="&$C$1) -> 0 | AF30: =IF(AA30=0, 0,(AB30+AC30)/AA30) -> 0 | AG30: =IF(Z30=0,0,(AB30+AC30)/Z30) -> 0 | AH30: =COUNTIFS(개발일정표!$A:$A,$A$29,개발일정표!$B:$B,$B30,개발일정표!$H:$H,"<>삭제",개발일정표!$J:$J,"<>미정") -> 0 | AI30: =COUNTIFS(개발일정표!$A:$A,$A$29,개발일정표!$B:$B,$B30,개발일정표!$H:$H,"<>삭제",개발일정표!$J:$J,"=미정") -> 2
B31: 재고처리 | C31: =COUNTIFS(개발일정표!$A:$A,$A$29,개발일정표!$B:$B,$B31,개발일정표!$H:$H,"<>삭제") -> 6 | D31: =COUNTIFS(개발일정표!$A:$A,$A$29,개발일정표!$B:$B,$B31,개발일정표!$H:$H,"<>삭제",개발일정표!$J:$J,"<="&$C$1) -> 0 | E31: =COUNTIFS(개발일정표!$A:$A,$A$29,개발일정표!$B:$B,$B31,개발일정표!$H:$H,"<>삭제",개발일정표!$L:$L,"<="&$C$1) -> 0 | F31: =D31-E31 -> 0 | G31: =COUNTIFS(개발일정표!$A:$A,$A$29,개발일정표!$B:$B,$B31,개발일정표!$H:$H,"<>삭제",개발일정표!$K:$K,"<="&$C$1,개발일정표!$L:$L,"") -> 0 | H31: =COUNTIFS(개발일정표!$A:$A,$A$29,개발일정표!$B:$B,$B31,개발일정표!$H:$H,"<>삭제",개발일정표!$J:$J,"="&$C$1) -> 0 | I31: =IF(D31=0,0,E31/D31) -> 0 | J31: =IF(C31=0,0,E31/C31) -> 0 | K31: =COUNTIFS(개발일정표!$A:$A,$A$29,개발일정표!$B:$B,$B31,개발일정표!$H:$H,"<>삭제",개발일정표!$M:$M,"<>검수제외",개발일정표!$O:$O,"<="&$C$1) -> 0 | L31: =COUNTIFS(개발일정표!$A:$A,$A$29,개발일정표!$B:$B,$B31,개발일정표!$H:$H,"<>삭제",개발일정표!$M:$M,"<>검수제외",개발일정표!$R:$R,"=L3",개발일정표!$Q:$Q,"<="&$C$1)+COUNTIFS(개발일정표!$A:$A,$A$29,개발일정표!$B:$B,$B31,개발일정표!$H:$H,"<>삭제",개발일정표!$M:$M,"<>검수제외",개발일정표!$R:$R,"=L1",개발일정표!$S:$S,"=Y",개발일정표!$Q:$Q,"<="&$C$1)+COUNTIFS(개발일정표!$A:$A,$A$29,개발일정표!$B:$B,$B31,개발일정표!$H:$H,"<>삭제",개발일정표!$M:$M,"<>검수제외",개발일정표!$R:$R,"=L2",개발일정표!$S:$S,"=Y",개발일정표!$Q:$Q,"<="&$C$1) -> 0 | M31: =COUNTIFS(개발일정표!$A:$A,$A$29,개발일정표!$B:$B,$B31,개발일정표!$H:$H,"<>삭제",개발일정표!$M:$M,"<>검수제외",개발일정표!$R:$R,"=L2")-COUNTIFS(개발일정표!$A:$A,$A$29,개발일정표!$B:$B,$B31,개발일정표!$H:$H,"<>삭제",개발일정표!$M:$M,"<>검수제외",개발일정표!$R:$R,"=L2",개발일정표!$S:$S,"=Y",개발일정표!$Q:$Q,"<="&$C$1) -> 0 | N31: =K31-(L31+M31) -> 0 | O31: =COUNTIFS(개발일정표!$A:$A,$A$29,개발일정표!$B:$B,$B31,개발일정표!$H:$H,"<>삭제",개발일정표!$M:$M,"<>검수제외",개발일정표!$R:$R,"=L1")-COUNTIFS(개발일정표!$A:$A,$A$29,개발일정표!$B:$B,$B31,개발일정표!$H:$H,"<>삭제",개발일정표!$M:$M,"<>검수제외",개발일정표!$R:$R,"=L1",개발일정표!$S:$S,"=Y",개발일정표!$Q:$Q,"<="&$C$1) -> 0 | P31: =IF(K31=0, 0,(L31+M31)/K31) -> 0 | Q31: =IF(C31=0,0,(L31+M31)/C31) -> 0 | R31: =COUNTIFS(개발일정표!$A:$A,$A$29,개발일정표!$B:$B,$B31,개발일정표!$H:$H,"<>삭제",개발일정표!$T:$T,"<>검수제외") -> 6 | S31: =COUNTIFS(개발일정표!$A:$A,$A$29,개발일정표!$B:$B,$B31,개발일정표!$H:$H,"<>삭제",개발일정표!$T:$T,"<>검수제외",개발일정표!$V:$V,"<="&$C$1) -> 0 | T31: =COUNTIFS(개발일정표!$A:$A,$A$29,개발일정표!$B:$B,$B31,개발일정표!$H:$H,"<>삭제",개발일정표!$T:$T,"<>검수제외",개발일정표!$Y:$Y,"=L3",개발일정표!$X:$X,"<="&$C$1)+COUNTIFS(개발일정표!$A:$A,$A$29,개발일정표!$B:$B,$B31,개발일정표!$H:$H,"<>삭제",개발일정표!$T:$T,"<>검수제외",개발일정표!$Y:$Y,"=L1",개발일정표!$Z:$Z,"=Y",개발일정표!$X:$X,"<="&$C$1)+COUNTIFS(개발일정표!$A:$A,$A$29,개발일정표!$B:$B,$B31,개발일정표!$H:$H,"<>삭제",개발일정표!$T:$T,"<>검수제외",개발일정표!$Y:$Y,"=L2",개발일정표!$Z:$Z,"=Y",개발일정표!$X:$X,"<="&$C$1) -> 0 | U31: =COUNTIFS(개발일정표!$A:$A,$A$29,개발일정표!$B:$B,$B31,개발일정표!$H:$H,"<>삭제",개발일정표!$T:$T,"<>검수제외",개발일정표!$Y:$Y,"=L2")-COUNTIFS(개발일정표!$A:$A,$A$29,개발일정표!$B:$B,$B31,개발일정표!$H:$H,"<>삭제",개발일정표!$T:$T,"<>검수제외",개발일정표!$Y:$Y,"=L2",개발일정표!$Z:$Z,"=Y",개발일정표!$X:$X,"<="&$C$1) -> 0 | V31: =S31-(T31+U31) -> 0 | W31: =COUNTIFS(개발일정표!$A:$A,$A$29,개발일정표!$B:$B,$B31,개발일정표!$H:$H,"<>삭제",개발일정표!$T:$T,"<>검수제외",개발일정표!$Y:$Y,"=L1")-COUNTIFS(개발일정표!$A:$A,$A$29,개발일정표!$B:$B,$B31,개발일정표!$H:$H,"<>삭제",개발일정표!$T:$T,"<>검수제외",개발일정표!$Y:$Y,"=L1",개발일정표!$Z:$Z,"=Y",개발일정표!$X:$X,"<="&$C$1) -> 0 | X31: =IF(S31=0, 0,(T31+U31)/S31) -> 0 | Y31: =IF(R31=0,0,(T31+U31)/R31) -> 0 | Z31: =COUNTIFS(개발일정표!$A:$A,$A$29,개발일정표!$B:$B,$B31,개발일정표!$H:$H,"<>삭제",개발일정표!$AA:$AA,"<>검수제외") -> 6 | AA31: =COUNTIFS(개발일정표!$A:$A,$A$29,개발일정표!$B:$B,$B31,개발일정표!$H:$H,"<>삭제",개발일정표!$AA:$AA,"<>검수제외",개발일정표!$AC:$AC,"<="&$C$1) -> 0 | AB31: =COUNTIFS(개발일정표!$A:$A,$A$29,개발일정표!$B:$B,$B31,개발일정표!$H:$H,"<>삭제",개발일정표!$AA:$AA,"<>검수제외",개발일정표!$AF:$AF,"=L3",개발일정표!$AE:$AE,"<="&$C$1)+COUNTIFS(개발일정표!$A:$A,$A$29,개발일정표!$B:$B,$B31,개발일정표!$H:$H,"<>삭제",개발일정표!$AA:$AA,"<>검수제외",개발일정표!$AF:$AF,"=L1",개발일정표!$AG:$AG,"=Y",개발일정표!$AE:$AE,"<="&$C$1)+COUNTIFS(개발일정표!$A:$A,$A$29,개발일정표!$B:$B,$B31,개발일정표!$H:$H,"<>삭제",개발일정표!$AA:$AA,"<>검수제외",개발일정표!$AF:$AF,"=L2",개발일정표!$AG:$AG,"=Y",개발일정표!$AE:$AE,"<="&$C$1) -> 0 | AC31: =COUNTIFS(개발일정표!$A:$A,$A$29,개발일정표!$B:$B,$B31,개발일정표!$H:$H,"<>삭제",개발일정표!$AA:$AA,"<>검수제외",개발일정표!$AF:$AF,"=L2")-COUNTIFS(개발일정표!$A:$A,$A$29,개발일정표!$B:$B,$B31,개발일정표!$H:$H,"<>삭제",개발일정표!$AA:$AA,"<>검수제외",개발일정표!$AF:$AF,"=L2",개발일정표!$AG:$AG,"=Y",개발일정표!$AE:$AE,"<="&$C$1) -> 0 | AD31: =AA31-(AB31+AC31) -> 0 | AE31: =COUNTIFS(개발일정표!$A:$A,$A$29,개발일정표!$B:$B,$B31,개발일정표!$H:$H,"<>삭제",개발일정표!$AA:$AA,"<>검수제외",개발일정표!$AF:$AF,"=L1")-COUNTIFS(개발일정표!$A:$A,$A$29,개발일정표!$B:$B,$B31,개발일정표!$H:$H,"<>삭제",개발일정표!$AA:$AA,"<>검수제외",개발일정표!$AF:$AF,"=L1",개발일정표!$AG:$AG,"=Y",개발일정표!$AE:$AE,"<="&$C$1) -> 0 | AF31: =IF(AA31=0, 0,(AB31+AC31)/AA31) -> 0 | AG31: =IF(Z31=0,0,(AB31+AC31)/Z31) -> 0 | AH31: =COUNTIFS(개발일정표!$A:$A,$A$29,개발일정표!$B:$B,$B31,개발일정표!$H:$H,"<>삭제",개발일정표!$J:$J,"<>미정") -> 0 | AI31: =COUNTIFS(개발일정표!$A:$A,$A$29,개발일정표!$B:$B,$B31,개발일정표!$H:$H,"<>삭제",개발일정표!$J:$J,"=미정") -> 6
B32: 조회 | C32: =COUNTIFS(개발일정표!$A:$A,$A$29,개발일정표!$B:$B,$B32,개발일정표!$H:$H,"<>삭제") -> 3 | D32: =COUNTIFS(개발일정표!$A:$A,$A$29,개발일정표!$B:$B,$B32,개발일정표!$H:$H,"<>삭제",개발일정표!$J:$J,"<="&$C$1) -> 0 | E32: =COUNTIFS(개발일정표!$A:$A,$A$29,개발일정표!$B:$B,$B32,개발일정표!$H:$H,"<>삭제",개발일정표!$L:$L,"<="&$C$1) -> 0 | F32: =D32-E32 -> 0 | G32: =COUNTIFS(개발일정표!$A:$A,$A$29,개발일정표!$B:$B,$B32,개발일정표!$H:$H,"<>삭제",개발일정표!$K:$K,"<="&$C$1,개발일정표!$L:$L,"") -> 0 | H32: =COUNTIFS(개발일정표!$A:$A,$A$29,개발일정표!$B:$B,$B32,개발일정표!$H:$H,"<>삭제",개발일정표!$J:$J,"="&$C$1) -> 0 | I32: =IF(D32=0,0,E32/D32) -> 0 | J32: =IF(C32=0,0,E32/C32) -> 0 | K32: =COUNTIFS(개발일정표!$A:$A,$A$29,개발일정표!$B:$B,$B32,개발일정표!$H:$H,"<>삭제",개발일정표!$M:$M,"<>검수제외",개발일정표!$O:$O,"<="&$C$1) -> 0 | L32: =COUNTIFS(개발일정표!$A:$A,$A$29,개발일정표!$B:$B,$B32,개발일정표!$H:$H,"<>삭제",개발일정표!$M:$M,"<>검수제외",개발일정표!$R:$R,"=L3",개발일정표!$Q:$Q,"<="&$C$1)+COUNTIFS(개발일정표!$A:$A,$A$29,개발일정표!$B:$B,$B32,개발일정표!$H:$H,"<>삭제",개발일정표!$M:$M,"<>검수제외",개발일정표!$R:$R,"=L1",개발일정표!$S:$S,"=Y",개발일정표!$Q:$Q,"<="&$C$1)+COUNTIFS(개발일정표!$A:$A,$A$29,개발일정표!$B:$B,$B32,개발일정표!$H:$H,"<>삭제",개발일정표!$M:$M,"<>검수제외",개발일정표!$R:$R,"=L2",개발일정표!$S:$S,"=Y",개발일정표!$Q:$Q,"<="&$C$1) -> 0 | M32: =COUNTIFS(개발일정표!$A:$A,$A$29,개발일정표!$B:$B,$B32,개발일정표!$H:$H,"<>삭제",개발일정표!$M:$M,"<>검수제외",개발일정표!$R:$R,"=L2")-COUNTIFS(개발일정표!$A:$A,$A$29,개발일정표!$B:$B,$B32,개발일정표!$H:$H,"<>삭제",개발일정표!$M:$M,"<>검수제외",개발일정표!$R:$R,"=L2",개발일정표!$S:$S,"=Y",개발일정표!$Q:$Q,"<="&$C$1) -> 0 | N32: =K32-(L32+M32) -> 0 | O32: =COUNTIFS(개발일정표!$A:$A,$A$29,개발일정표!$B:$B,$B32,개발일정표!$H:$H,"<>삭제",개발일정표!$M:$M,"<>검수제외",개발일정표!$R:$R,"=L1")-COUNTIFS(개발일정표!$A:$A,$A$29,개발일정표!$B:$B,$B32,개발일정표!$H:$H,"<>삭제",개발일정표!$M:$M,"<>검수제외",개발일정표!$R:$R,"=L1",개발일정표!$S:$S,"=Y",개발일정표!$Q:$Q,"<="&$C$1) -> 0 | P32: =IF(K32=0, 0,(L32+M32)/K32) -> 0 | Q32: =IF(C32=0,0,(L32+M32)/C32) -> 0 | R32: =COUNTIFS(개발일정표!$A:$A,$A$29,개발일정표!$B:$B,$B32,개발일정표!$H:$H,"<>삭제",개발일정표!$T:$T,"<>검수제외") -> 3 | S32: =COUNTIFS(개발일정표!$A:$A,$A$29,개발일정표!$B:$B,$B32,개발일정표!$H:$H,"<>삭제",개발일정표!$T:$T,"<>검수제외",개발일정표!$V:$V,"<="&$C$1) -> 0 | T32: =COUNTIFS(개발일정표!$A:$A,$A$29,개발일정표!$B:$B,$B32,개발일정표!$H:$H,"<>삭제",개발일정표!$T:$T,"<>검수제외",개발일정표!$Y:$Y,"=L3",개발일정표!$X:$X,"<="&$C$1)+COUNTIFS(개발일정표!$A:$A,$A$29,개발일정표!$B:$B,$B32,개발일정표!$H:$H,"<>삭제",개발일정표!$T:$T,"<>검수제외",개발일정표!$Y:$Y,"=L1",개발일정표!$Z:$Z,"=Y",개발일정표!$X:$X,"<="&$C$1)+COUNTIFS(개발일정표!$A:$A,$A$29,개발일정표!$B:$B,$B32,개발일정표!$H:$H,"<>삭제",개발일정표!$T:$T,"<>검수제외",개발일정표!$Y:$Y,"=L2",개발일정표!$Z:$Z,"=Y",개발일정표!$X:$X,"<="&$C$1) -> 0 | U32: =COUNTIFS(개발일정표!$A:$A,$A$29,개발일정표!$B:$B,$B32,개발일정표!$H:$H,"<>삭제",개발일정표!$T:$T,"<>검수제외",개발일정표!$Y:$Y,"=L2")-COUNTIFS(개발일정표!$A:$A,$A$29,개발일정표!$B:$B,$B32,개발일정표!$H:$H,"<>삭제",개발일정표!$T:$T,"<>검수제외",개발일정표!$Y:$Y,"=L2",개발일정표!$Z:$Z,"=Y",개발일정표!$X:$X,"<="&$C$1) -> 0 | V32: =S32-(T32+U32) -> 0 | W32: =COUNTIFS(개발일정표!$A:$A,$A$29,개발일정표!$B:$B,$B32,개발일정표!$H:$H,"<>삭제",개발일정표!$T:$T,"<>검수제외",개발일정표!$Y:$Y,"=L1")-COUNTIFS(개발일정표!$A:$A,$A$29,개발일정표!$B:$B,$B32,개발일정표!$H:$H,"<>삭제",개발일정표!$T:$T,"<>검수제외",개발일정표!$Y:$Y,"=L1",개발일정표!$Z:$Z,"=Y",개발일정표!$X:$X,"<="&$C$1) -> 0 | X32: =IF(S32=0, 0,(T32+U32)/S32) -> 0 | Y32: =IF(R32=0,0,(T32+U32)/R32) -> 0 | Z32: =COUNTIFS(개발일정표!$A:$A,$A$29,개발일정표!$B:$B,$B32,개발일정표!$H:$H,"<>삭제",개발일정표!$AA:$AA,"<>검수제외") -> 3 | AA32: =COUNTIFS(개발일정표!$A:$A,$A$29,개발일정표!$B:$B,$B32,개발일정표!$H:$H,"<>삭제",개발일정표!$AA:$AA,"<>검수제외",개발일정표!$AC:$AC,"<="&$C$1) -> 0 | AB32: =COUNTIFS(개발일정표!$A:$A,$A$29,개발일정표!$B:$B,$B32,개발일정표!$H:$H,"<>삭제",개발일정표!$AA:$AA,"<>검수제외",개발일정표!$AF:$AF,"=L3",개발일정표!$AE:$AE,"<="&$C$1)+COUNTIFS(개발일정표!$A:$A,$A$29,개발일정표!$B:$B,$B32,개발일정표!$H:$H,"<>삭제",개발일정표!$AA:$AA,"<>검수제외",개발일정표!$AF:$AF,"=L1",개발일정표!$AG:$AG,"=Y",개발일정표!$AE:$AE,"<="&$C$1)+COUNTIFS(개발일정표!$A:$A,$A$29,개발일정표!$B:$B,$B32,개발일정표!$H:$H,"<>삭제",개발일정표!$AA:$AA,"<>검수제외",개발일정표!$AF:$AF,"=L2",개발일정표!$AG:$AG,"=Y",개발일정표!$AE:$AE,"<="&$C$1) -> 0 | AC32: =COUNTIFS(개발일정표!$A:$A,$A$29,개발일정표!$B:$B,$B32,개발일정표!$H:$H,"<>삭제",개발일정표!$AA:$AA,"<>검수제외",개발일정표!$AF:$AF,"=L2")-COUNTIFS(개발일정표!$A:$A,$A$29,개발일정표!$B:$B,$B32,개발일정표!$H:$H,"<>삭제",개발일정표!$AA:$AA,"<>검수제외",개발일정표!$AF:$AF,"=L2",개발일정표!$AG:$AG,"=Y",개발일정표!$AE:$AE,"<="&$C$1) -> 0 | AD32: =AA32-(AB32+AC32) -> 0 | AE32: =COUNTIFS(개발일정표!$A:$A,$A$29,개발일정표!$B:$B,$B32,개발일정표!$H:$H,"<>삭제",개발일정표!$AA:$AA,"<>검수제외",개발일정표!$AF:$AF,"=L1")-COUNTIFS(개발일정표!$A:$A,$A$29,개발일정표!$B:$B,$B32,개발일정표!$H:$H,"<>삭제",개발일정표!$AA:$AA,"<>검수제외",개발일정표!$AF:$AF,"=L1",개발일정표!$AG:$AG,"=Y",개발일정표!$AE:$AE,"<="&$C$1) -> 0 | AF32: =IF(AA32=0, 0,(AB32+AC32)/AA32) -> 0 | AG32: =IF(Z32=0,0,(AB32+AC32)/Z32) -> 0 | AH32: =COUNTIFS(개발일정표!$A:$A,$A$29,개발일정표!$B:$B,$B32,개발일정표!$H:$H,"<>삭제",개발일정표!$J:$J,"<>미정") -> 0 | AI32: =COUNTIFS(개발일정표!$A:$A,$A$29,개발일정표!$B:$B,$B32,개발일정표!$H:$H,"<>삭제",개발일정표!$J:$J,"=미정") -> 3
B33: 소계 | C33: =SUM(C29:C32) -> 13 | D33: =SUM(D29:D32) -> 0 | E33: =SUM(E29:E32) -> 0 | F33: =SUM(F29:F32) -> 0 | G33: =SUM(G29:G32) -> 0 | H33: =SUM(H29:H32) -> 0 | I33: =IF(D33=0,0,E33/D33) -> 0 | J33: =IF(C33=0,0,E33/C33) -> 0 | K33: =SUM(K29:K32) -> 0 | L33: =SUM(L29:L32) -> 0 | M33: =SUM(M29:M32) -> 0 | N33: =SUM(N29:N32) -> 0 | O33: =SUM(O29:O32) -> 0 | P33: =IF(K33=0, 0,(L33+M33)/K33) -> 0 | Q33: =IF(C33=0,0,(L33+M33)/C33) -> 0 | R33: =SUM(R29:R32) -> 13 | S33: =SUM(S29:S32) -> 0 | T33: =SUM(T29:T32) -> 0 | U33: =SUM(U29:U32) -> 0 | V33: =SUM(V29:V32) -> 0 | W33: =SUM(W29:W32) -> 0 | X33: =IF(S33=0, 0,(T33+U33)/S33) -> 0 | Y33: =IF(R33=0,0,(T33+U33)/R33) -> 0 | Z33: =SUM(Z29:Z32) -> 13 | AA33: =SUM(AA29:AA32) -> 0 | AB33: =SUM(AB29:AB32) -> 0 | AC33: =SUM(AC29:AC32) -> 0 | AD33: =SUM(AD29:AD32) -> 0 | AE33: =SUM(AE29:AE32) -> 0 | AF33: =IF(AA33=0,0,(AB33+AC33)/AA33) -> 0 | AG33: =IF(Z33=0,0,(AB33+AC33)/Z33) -> 0 | AH33: =SUM(AH29:AH32) -> 0 | AI33: =SUM(AI29:AI32) -> 13
A34: 총합계 | C34: =C7+C12+C16+C18+C20+C23+C26+C33 -> 143 | D34: =D7+D12+D16+D18+D20+D23+D26+D33 -> 18 | E34: =E7+E12+E16+E18+E20+E23+E26+E33 -> 9 | F34: =F7+F12+F16+F18+F20+F23+F26+F33 -> 9 | G34: =G7+G12+G16+G18+G20+G23+G26+G33 -> 8 | H34: =H7+H12+H16+H18+H20+H23+H26+H33 -> 2 | I34: =IF(D34=0,0,E34/D34) -> 0.5 | J34: =IF(C34=0,0,E34/C34) -> 0.062937063 | K34: =K7+K12+K16+K18+K20+K23+K26+K33 -> 0 | L34: =L7+L12+L16+L18+L20+L23+L26+L33 -> 0 | M34: =M7+M12+M16+M18+M20+M23+M26+M33 -> 0 | N34: =N7+N12+N16+N18+N20+N23+N26+N33 -> 0 | O34: =O7+O12+O16+O18+O20+O23+O26+O33 -> 0 | P34: =IF(K34=0, 0,(L34+M34)/K34) -> 0 | Q34: =IF(C34=0,0,(L34+M34)/C34) -> 0 | R34: =R7+R12+R16+R18+R20+R23+R26+R33 -> 143 | S34: =S7+S12+S16+S18+S20+S23+S26+S33 -> 0 | T34: =T7+T12+T16+T18+T20+T23+T26+T33 -> 0 | U34: =U7+U12+U16+U18+U20+U23+U26+U33 -> 0 | V34: =V7+V12+V16+V18+V20+V23+V26+V33 -> 0 | W34: =W7+W12+W16+W18+W20+W23+W26+W33 -> 0 | X34: =IF(S34=0, 0,(T34+U34)/S34) -> 0 | Y34: =IF(R34=0,0,(T34+U34)/R34) -> 0 | Z34: =Z7+Z12+Z16+Z18+Z20+Z23+Z26+Z33 -> 143 | AA34: =AA7+AA12+AA16+AA18+AA20+AA23+AA26+AA33 -> 0 | AB34: =AB7+AB12+AB16+AB18+AB20+AB23+AB26+AB33 -> 0 | AC34: =AC7+AC12+AC16+AC18+AC20+AC23+AC26+AC33 -> 0 | AD34: =AD7+AD12+AD16+AD18+AD20+AD23+AD26+AD33 -> 0 | AE34: =AE7+AE12+AE16+AE18+AE20+AE23+AE26+AE33 -> 0 | AF34: =IF(AA34=0,0,(AB34+AC34)/AA34) -> 0 | AG34: =IF(Z34=0,0,(AB34+AC34)/Z34) -> 0 | AH34: =AH7+AH12+AH16+AH18+AH20+AH23+AH26+AH33 -> 83 | AI34: =AI7+AI12+AI16+AI18+AI20+AI23+AI26+AI33 -> 60
M35: =L34+M34 -> 0 | O35: =L34+M34+O34 -> 0 | P35: =IF(K34=0, 0,(L34+M34+O34)/K34) -> 0 | Q35: =IF(C34=0,0,(L34+M34+O34)/C34) -> 0 | U35: =T34+U34 -> 0 | W35: =T34+U34+W34 -> 0 | X35: =IF(S34=0, 0,(T34+U34+W34)/S34) -> 0 | Y35: =IF(R34=0,0,(T34+U34+W34)/R34) -> 0 | AC35: =AB34+AC34 -> 0 | AE35: =AB34+AC34+AE34 -> 0 | AF35: =IF(AA34=0, 0,(AB34+AC34+AE34)/AA34) -> 0 | AG35: =IF(Z34=0,0,(AB34+AC34+AE34)/Z34) -> 0

Sheet 개발일정표
A1: 프로젝트명 | D1: 창고관리시스템(PWM) 구축 | AB1: 작성자 | AD1: 이종건
A2: 산출물명 | D2: D4100_개발일정 | AB2: 작성일 | AD2: 2016.12..27
A4: 시스템 구분 | D4: 프로그램 ID | E4: 프로그램 명 | F4: 서브프로그램 명 | G4: 소요일 (Day) | H4: 개발 | M4: PL 단위테스트 | T4: IT 단위테스트 | AA4: TFT 단위테스트
A5: 대 | B5: 중 | C5: 소 | H5: 담당자 | I5: 계획시작일 | J5: 계획종료일 | K5: 시작일 | L5: 종료일 | M5: 담당자 | N5: 계획시작일 | O5: 계획종료일 | P5: 시작일 | Q5: 종료일 | R5: 테스트결과 | S5: 결함조치 | T5: 담당자 | U5: 계획시작일 | V5: 계획종료일 | W5: 시작일 | X5: 종료일 | Y5: 테스트결과 | Z5: 결함조치 | AA5: 담당자 | AB5: 계획시작일 | AC5: 계획종료일 | AD5: 시작일 | AE5: 종료일 | AF5: 테스트결과 | AG5: 결함조치
A6: 마스터 | B6: 공통 | C6: 1차 | D6: PWMMS101E | E6: 물류센터관리 | G6: 1 | H6: 김민수 | I6: 2017.02.17 | J6: 2017.02.17 | K6: 2017.02.17 | L6: 2017.02.17
A7: 마스터 | B7: 공통 | C7: 1차 | D7: PWMMS102E | E7: 창고관리 | G7: 1 | H7: 김민수 | I7: 2017.02.20 | J7: 2017.02.20 | K7: 2017.02.20 | L7: 2017.02.20
A8: 마스터 | B8: 공통 | C8: 1차 | D8: PWMMS103E | E8: 존관리 | G8: 1 | H8: 김민수 | I8: 2017.02.21 | J8: 2017.02.21 | K8: 2017.02.21 | L8: 2017.02.21
A9: 마스터 | B9: 공통 | C9: 1차 | D9: PWMMS104E | E9: 로케이션관리 | G9: 1 | H9: 김민수 | I9: 2017.02.22 | J9: 2017.02.22 | K9: 2017.02.22 | L9: 2017.02.22
A10: 마스터 | B10: 공통 | C10: 1차 | D10: PWMMS104E_P1 | E10: 로케이션-일괄생성 | G10: 1 | H10: 김민수 | I10: 2017.02.23 | J10: 2017.02.23 | K10: 2017.02.23 | L10: 2017.02.27
A11: 마스터 | B11: 공통 | C11: 1차 | D11: PWMMS105E | E11: 고객사관리 | G11: 1 | H11: 김민수 | I11: 2017.02.24 | J11: 2017.02.24 | K11: 2017.02.24 | L11: 2017.02.27
A12: 마스터 | B12: 공통 | C12: 1차 | D12: PWMMS106E | E12: 공급처관리 | F12: 등록 팝업 | G12: 1 | H12: 김민수 | I12: 2017.02.27 | J12: 2017.02.27 | K12: 2017.02.28 | L12: 2017.03.02
A13: 마스터 | B13: 공통 | C13: 1차 | D13: PWMMS107E | E13: 배송처관리 | F13: 등록 팝업 | G13: 1 | H13: 김민수 | I13: 2017.02.28 | J13: 2017.02.28 | K13: 2017.02.28
A14: 마스터 | B14: 공통 | C14: 1차 | D14: PWMMS108E | E14: 제품분류관리 | G14: 1 | H14: 김민수 | I14: 2017.03.02 | J14: 2017.03.02 | K14: 2017.03.02
A15: 마스터 | B15: 공통 | C15: 1차 | D15: PWMMS109E | E15: 제품관리 | F15: 등록 팝업 | G15: 1 | H15: 이성국 | I15: 2017.03.03 | J15: 2017.03.03
A16: 마스터 | B16: 공통 | C16: 1차 | D16: PWMMS109E_T1 | E16: 제품-UOM관리 | G16: 1 | H16: 이성국 | I16: 2017.02.24 | J16: 2017.02.24 | K16: 2017.02.24
A17: 마스터 | B17: 공통 | C17: 1차 | D17: PWMMS109E_T2 | E17: 제품-센터별관리 | G17: 1 | H17: 이성국 | I17: 2017.02.27 | J17: 2017.02.27 | K17: 2017.02.28
A18: 마스터 | B18: 공통 | C18: 1차 | D18: PWMMS110E | E18: 세트제품BOM관리 | G18: 1 | H18: 이성국 | I18: 2017.02.21 | J18: 2017.02.21 | K18: 2017.02.21
A19: 마스터 | B19: 공통 | C19: 1차 | D19: PWMMS111E | E19: 제품고정로케이션관리 | G19: 1 | H19: 이성국 | I19: 2017.02.22 | J19: 2017.02.22 | K19: 2017.02.22
A20: 마스터 | B20: 공통 | C20: 1차 | D20: PWMMS112E | E20: 규격관리 | G20: 1 | H20: 이성국 | I20: 2017.02.23 | J20: 2017.02.23 | K20: 2017.02.23 | L20: 2017.02.27
A21: 마스터 | B21: 공통 | C21: 1차 | D21: PWMMS113E | E21: 팔레트ID관리 | G21: 1 | H21: 이성국 | I21: 2017.02.17 | J21: 2017.02.17 | K21: 2017.02.17 | L21: 2017.02.20
A22: 마스터 | B22: 공통 | C22: 1차 | D22: PWMMS113E_P1 | E22: 팔레트ID-일괄생성 | G22: 1 | H22: 이성국 | I22: 2017.02.20 | J22: 2017.02.20 | K22: 2017.02.20
A23: 마스터 | B23: 공통 | C23: 1차 | D23: PWMMS114E | E23: 박스ID관리 | G23: 1 | H23: 이성국 | I23: 2017.02.28 | J23: 2017.02.28 | K23: 2017.02.28
A24: 마스터 | B24: 공통 | C24: 1차 | D24: PWMMS114E_P1 | E24: 박스ID-일괄생성 | G24: 1 | H24: 이성국 | I24: 2017.03.02 | J24: 2017.03.02
A25: 마스터 | B25: 공통 | C25: 1차 | D25: PWMMS115E | E25: 권역관리 | G25: 1 | H25: 김민수 | I25: 2017.03.03 | J25: 2017.03.03
A26: 마스터 | B26: 시스템 | C26: 2차 | D26: PWMSM101E | E26: 운영규칙등록 | G26: 1 | H26: 김민수Q | I26: 미정 | J26: 미정
A27: 마스터 | B27: 시스템 | C27: 2차 | D27: PWMSM102E | E27: 고객별 운영규칙 설정 | G27: 1 | H27: 김민수Q | I27: 미정 | J27: 미정
A28: 마스터 | B28: 시스템 | C28: 2차 | D28: PWMSM103E | E28: 전략설정 – LOT | G28: 1 | H28: 김민수Q | I28: 미정 | J28: 미정
A29: 마스터 | B29: 시스템 | C29: 2차 | D29: PWMSM104E | E29: 전략설정 – 적치 | G29: 1 | H29: 김민수Q | I29: 미정 | J29: 미정
A30: 마스터 | B30: 시스템 | C30: 2차 | D30: PWMSM104E_P1 | E30: 전략설정 – 적치 팝업 | G30: 1 | H30: 김민수Q | I30: 미정 | J30: 미정
A31: 마스터 | B31: 시스템 | C31: 2차 | D31: PWMSM105E | E31: 전략설정 – 할당 | G31: 1 | H31: 이성국Q | I31: 미정 | J31: 미정
A32: 마스터 | B32: 시스템 | C32: 2차 | D32: PWMSM105E_P1 | E32: 전략설정 – 할당 팝업 | G32: 1 | H32: 이성국Q | I32: 미정 | J32: 미정
A33: 마스터 | B33: 시스템 | C33: 2차 | D33: PWMSM106E | E33: 전략설정 – 보충 | G33: 1 | H33: 이성국Q | I33: 미정 | J33: 미정
A34: 마스터 | B34: 시스템 | C34: 2차 | D34: PWMSM106E_P1 | E34: 전략설정 – 보충 팝업 | G34: 1 | H34: 이성국Q | I34: 미정 | J34: 미정
A35: 마스터 | B35: 시스템 | C35: 2차 | D35: PWMSM107E | E35: 물류센터설정 | G35: 1 | H35: 이성국Q | I35: 미정 | J35: 미정
A36: 마스터 | B36: 시스템 | C36: 2차 | D36: PWMSM108E | E36: 고객사설정 | G36: 1 | H36: 이성국Q | I36: 미정 | J36: 미정
A37: 입고 | B37: 입하관리 | C37: 1차 | D37: PWMIB101E | E37: 입하예정등록 | G37: 2 | H37: 김민수 | I37: 2017.03.06 | J37: 2017.03.07 | M37: 이종혁 | N37: 2017.03.08 | O37: 2017.03.08
A38: 입고 | B38: 입하관리 | C38: 1차 | D38: PWMIB101E_P1 | E38: 입하예정등록 팝업 | G38: 2 | H38: 김민수 | I38: 2017.03.08 | J38: 2017.03.09 | M38: 이종혁 | N38: 2017.03.10 | O38: 2017.03.10
A39: 입고 | B39: 입하관리 | C39: 1차 | D39: PWMIB103E | E39: 입하처리-승인 | G39: 2 | H39: 김민수 | I39: 2017.03.10 | J39: 2017.03.13 | M39: 이종혁 | N39: 2017.03.14 | O39: 2017.03.14
A40: 입고 | B40: 입하관리 | C40: 2차 | D40: PWMIB103E_R1 | E40: 검수지시서 | G40: 1 | H40: 김민수R | I40: 미정 | J40: 미정
A41: 입고 | B41: 입하관리 | C41: 2차 | D41: PWMIB103E_R2 | E41: 팔레트ID라벨 | G41: 1 | H41: 김민수R | I41: 미정 | J41: 미정
A42: 입고 | B42: 입하관리 | C42: 1차 | D42: PWMIB104E | E42: 입하검수 | G42: 2 | H42: 김민수 | I42: 2017.03.14 | J42: 2017.03.15 | M42: 이종혁 | N42: 2017.03.16 | O42: 2017.03.16
A43: 입고 | B43: 입고관리 | C43: 1차 | D43: PWMIB105E | E43: 입고지시 | G43: 2 | H43: 김민수 | I43: 2017.03.16 | J43: 2017.03.17 | M43: 이종혁 | N43: 2017.03.18 | O43: 2017.03.18
A44: 입고 | B44: 입고관리 | C44: 2차 | D44: PWMIB105E_R1 | E44: 적치지시서 | G44: 1 | H44: 김민수R | I44: 미정 | J44: 미정
A45: 입고 | B45: 입고관리 | C45: 2차 | D45: PWMIB105E_R2 | E45: 입고라벨 | G45: 1 | H45: 김민수R | I45: 미정 | J45: 미정
A46: 입고 | B46: 입고관리 | C46: 1차 | D46: PWMIB106E | E46: 입고적치 | G46: 2 | H46: 김민수 | I46: 2017.03.20 | J46: 2017.03.21 | M46: 이종혁 | N46: 2017.03.22 | O46: 2017.03.22
A47: 입고 | B47: 입고관리 | C47: 1차 | D47: PWMIB107E | E47: 입고시리얼스캔 | G47: 2 | H47: 김민수 | I47: 2017.03.22 | J47: 2017.03.23 | M47: 이종혁 | N47: 2017.03.28 | O47: 2017.03.28
A48: 입고 | B48: 입고현황 | C48: 2차 | D48: PWMIB108Q | E48: 입고조회 - 공급처 별 | G48: 1 | H48: 김민수Q | I48: 미정 | J48: 미정
A49: 입고 | B49: 입고현황 | C49: 2차 | D49: PWMIB109Q | E49: 입고조회 - 제품별 | G49: 1 | H49: 김민수Q | I49: 미정 | J49: 미정
A50: 입고 | B50: 입고현황 | C50: 2차 | D50: PWMIB110Q | E50: 입고진행 조회 | G50: 1 | H50: 김민수Q | I50: 미정 | J50: 미정
A51: 입고 | B51: 이고의뢰 | C51: 1차 | D51: PWMIB120E | E51: 이고의뢰등록 | G51: 2 | H51: 김민수 | I51: 2017.03.24 | J51: 2017.03.27 | M51: 이종혁 | N51: 2017.03.30 | O51: 2017.03.30
A52: 입고 | B52: 이고의뢰 | C52: 1차 | D52: PWMIB120E_P1 | E52: 이고의뢰등록 팝업 | G52: 2 | H52: 김민수 | I52: 2017.03.28 | J52: 2017.03.29 | M52: 이종혁 | N52: 2017.04.12 | O52: 2017.04.12
A53: 출고 | B53: 출고관리 | C53: 1차 | D53: PWMOB101E | E53: 출고예정등록 | G53: 2 | H53: 이성국 | I53: 2017.03.06 | J53: 2017.03.07 | M53: 이종혁 | N53: 2017.03.08 | O53: 2017.03.08
A54: 출고 | B54: 출고관리 | C54: 1차 | D54: PWMOB101E_P1 | E54: 출고예정등록 팝업 | G54: 2 | H54: 이성국 | I54: 2017.03.08 | J54: 2017.03.09 | M54: 이종혁 | N54: 2017.03.10 | O54: 2017.03.10
A55: 출고 | B55: 출고관리 | C55: 1차 | D55: PWMOB102E | E55: 출고승인 | G55: 2 | H55: 이성국 | I55: 2017.03.10 | J55: 2017.03.13 | M55: 이종혁 | N55: 2017.03.14 | O55: 2017.03.14
A56: 출고 | B56: 출고관리 | C56: 1차 | D56: PWMOB102E_P1 | E56: 출고승인-배분조정 팝업 | G56: 3 | H56: 이성국 | I56: 2017.03.14 | J56: 2017.03.16 | M56: 이종혁 | N56: 2017.03.17 | O56: 2017.03.17
A57: 출고 | B57: 출고관리 | C57: 1차 | D57: PWMOB103E | E57: 출고WAVE 기준 설정 | G57: 1 | H57: 이성국 | I57: 2017.03.17 | J57: 2017.03.17 | M57: 이종혁 | N57: 2017.03.18 | O57: 2017.03.18
A58: 출고 | B58: 출고관리 | C58: 1차 | D58: PWMOB104E | E58: 출고WAVE | G58: 2 | H58: 이성국 | I58: 2017.03.20 | J58: 2017.03.21 | M58: 이종혁 | N58: 2017.03.22 | O58: 2017.03.22
A59: 출고 | B59: 출고관리 | C59: 1차 | D59: PWMOB104E_P1 | E59: 출고WAVE-생성 팝업 | G59: 1 | H59: 이성국 | I59: 2017.03.22 | J59: 2017.03.22 | M59: 이종혁 | N59: 2017.03.23 | O59: 2017.03.23
A60: 출고 | B60: 출고관리 | C60: 1차 | D60: PWMOB105E | E60: 출고지시-할당 | G60: 2 | H60: 이성국 | I60: 2017.03.23 | J60: 2017.03.24 | M60: 이종혁 | N60: 2017.03.25 | O60: 2017.03.25
A61: 출고 | B61: 출고관리 | C61: 2차 | D61: PWMOB105E_R1 | E61: 피킹지시서 | G61: 1 | H61: 이성국R | I61: 미정 | J61: 미정
A62: 출고 | B62: 출고관리 | C62: 2차 | D62: PWMOB105E_R2 | E62: Total 피킹지시서 | G62: 1 | H62: 이성국R | I62: 미정 | J62: 미정
A63: 출고 | B63: 출고관리 | C63: 2차 | D63: PWMOB105E_R3 | E63: 분배지시서 | G63: 1 | H63: 이성국R | I63: 미정 | J63: 미정
A64: 출고 | B64: 출고관리 | C64: 2차 | D64: PWMOB105E_R4 | E64: 출고라벨 | G64: 1 | H64: 이성국R | I64: 미정 | J64: 미정
A65: 출고 | B65: 출고관리 | C65: 2차 | D65: PWMOB105E_R5 | E65: 상차지시서 | G65: 1 | H65: 이성국R | I65: 미정 | J65: 미정
A66: 출고 | B66: 출고관리 | C66: 1차 | D66: PWMOB106E | E66: 출고피킹 | G66: 2 | H66: 이성국 | I66: 2017.03.27 | J66: 2017.03.28 | M66: 이종혁 | N66: 2017.03.29 | O66: 2017.03.29
A67: 출고 | B67: 출하관리 | C67: 1차 | D67: PWMOB107E | E67: 출고상차 | G67: 2 | H67: 이성국 | I67: 2017.03.29 | J67: 2017.03.30 | M67: 이종혁 | N67: 2017.04.12 | O67: 2017.04.12
A68: 출고 | B68: 출하관리 | C68: 1차 | D68: PWMOB108E | E68: 출고확정 | G68: 2 | H68: 이성국 | I68: 2017.03.31 | J68: 2017.04.03 | M68: 이종혁 | N68: 2017.04.13 | O68: 2017.04.13
A69: 출고 | B69: 출하관리 | C69: 2차 | D69: PWMOB108E_R1 | E69: 출고 거래명세서 | G69: 1 | H69: 이성국R | I69: 미정 | J69: 미정
A70: 출고 | B70: 출하관리 | C70: 1차 | D70: PWMOB109E | E70: 출고시리얼스캔 | G70: 2 | H70: 이성국 | I70: 2017.04.04 | J70: 2017.04.05 | M70: 이종혁 | N70: 2017.04.14 | O70: 2017.04.14
A71: 출고 | B71: 출하관리 | C71: 2차 | D71: PWMOB109E_R1 | E71: 출고 시리얼 리스트 | G71: 1 | H71: 이성국R | I71: 미정 | J71: 미정
A72: 출고 | B72: 출하관리 | C72: 1차 | D72: PWMOB110E | E72: 배송완료 | G72: 2 | H72: 이성국 | I72: 2017.04.06 | J72: 2017.04.07 | M72: 이종혁 | N72: 2017.04.17 | O72: 2017.04.17
A73: 출고 | B73: 출고현황 | C73: 2차 | D73: PWMOB111Q | E73: 출고조회- 배송처별 | G73: 1 | H73: 이성국Q | I73: 미정 | J73: 미정
A74: 출고 | B74: 출고현황 | C74: 2차 | D74: PWMOB112Q | E74: 출고조회- 제품별 | G74: 1 | H74: 이성국Q | I74: 미정 | J74: 미정
A75: 출고 | B75: 출고현황 | C75: 2차 | D75: PWMOB113Q | E75: 출고조회- 미배송 | G75: 1 | H75: 이성국Q | I75: 미정 | J75: 미정
A76: 출고 | B76: 출고현황 | C76: 2차 | D76: PWMOB114Q | E76: 출고진행현황 | G76: 1 | H76: 이성국Q | I76: 미정 | J76: 미정
A77: 반입 | B77: 반입관리 | C77: 1차 | D77: PWMRI101E | E77: 반입예정등록 | G77: 1 | H77: 김민수 | I77: 2017.03.30 | J77: 2017.03.31
A78: 반입 | B78: 반입관리 | C78: 1차 | D78: PWMRI101E_P1 | E78: 반입예정등록 팝업 | G78: 2 | H78: 김민수 | I78: 2017.04.03 | J78: 2017.04.04
A79: 반입 | B79: 반입관리 | C79: 1차 | D79: PWMRI102E | E79: 반입검수 | G79: 2 | H79: 김민수 | I79: 2017.04.05 | J79: 2017.04.06
A80: 반입 | B80: 반입관리 | C80: 1차 | D80: PWMRI103E | E80: 반입적치 | G80: 2 | H80: 김민수 | I80: 2017.04.07 | J80: 2017.04.10
A81: 반입 | B81: 반입관리 | C81: 2차 | D81: PWMRI104Q | E81: 반입내역조회 | G81: 1 | H81: 김민수Q | I81: 미정 | J81: 미정
A82: 반출 | B82: 반출관리 | C82: 1차 | D82: PWMRO101E | E82: 반출예정등록 | G82: 1 | H82: 이성국 | I82: 2017.04.10 | J82: 2017.04.10
A83: 반출 | B83: 반출관리 | C83: 1차 | D83: PWMRO101E_P1 | E83: 반출예정등록 팝업 | G83: 2 | H83: 이성국 | I83: 2017.04.11 | J83: 2017.04.12
A84: 반출 | B84: 반출관리 | C84: 1차 | D84: PWMRO102E | E84: 반출지시 | G84: 2 | H84: 이성국 | I84: 2017.04.13 | J84: 2017.04.14
... A135: IF | B135: 인터페이스 | C135: 2차 | D135: PWMIF107E | E135: 송수신스케쥴관리 | G135: 1 | H135: 이성국Q | I135: 미정 | J135: 미정
A136: PDA | B136: 입고처리 | C136: 1차 | D136: PWMPDAIB101E | E136: 입고검수 | H136: 김경우 | I136: 미정 | J136: 미정
A137: PDA | B137: 입고처리 | C137: 1차 | D137: PWMPDAIB102E | E137: 입고적치 | H137: 김경우 | I137: 미정 | J137: 미정
A138: PDA | B138: 출고처리 | C138: 1차 | D138: PWMPDAOB101E | E138: 출고피킹 | H138: 김경우 | I138: 미정 | J138: 미정
A139: PDA | B139: 출고처리 | C139: 1차 | D139: PWMPDAOB102E | E139: 출고상차 | H139: 김경우 | I139: 미정 | J139: 미정
A140: PDA | B140: 재고처리 | C140: 1차 | D140: PWMPDAST101E | E140: 재고이동-지시 | H140: 김경우 | I140: 미정 | J140: 미정
A141: PDA | B141: 재고처리 | C141: 1차 | D141: PWMPDAST102E | E141: 재고이동-임의이동 | H141: 김경우 | I141: 미정 | J141: 미정
A142: PDA | B142: 재고처리 | C142: 1차 | D142: PWMPDAST103E | E142: 재고실사 | H142: 김경우 | I142: 미정 | J142: 미정
A143: PDA | B143: 재고처리 | C143: 1차 | D143: PWMPDAST104E | E143: 재고상태변경 | H143: 김경우 | I143: 미정 | J143: 미정
A144: PDA | B144: 재고처리 | C144: 1차 | D144: PWMPDAST105E | E144: 파렛트 분할 | H144: 김경우 | I144: 미정 | J144: 미정
A145: PDA | B145: 재고처리 | C145: 1차 | D145: PWMPDAST107E | E145: 파렛트 병합 | H145: 김경우 | I145: 미정 | J145: 미정
A146: PDA | B146: 조회 | C146: 1차 | D146: PWMPDAST108E | E146: 제품조회 | H146: 김경우 | I146: 미정 | J146: 미정
A147: PDA | B147: 조회 | C147: 1차 | D147: PWMPDAST109E | E147: 제품재고조회 | H147: 김경우 | I147: 미정 | J147: 미정
A148: PDA | B148: 조회 | C148: 1차 | D148: PWMPDAST110E | E148: 로케이션재고조회 | H148: 김경우 | I148: 미정 | J148: 미정

Sheet Sheet1
A1: 테스트결과 | D1: 결함조치
A2: L1 | B2: 결함 (Fail) | D2: Y | E2: 조치완료
A3: L2 | B3: 개선 (Pass) | D3: N | E3: 조치전
A4: L3 | B4: 정상 (Pass)
I5: 결함유형 | J5: 결함등급 (테스트결과) | K5: 설명
I6: 결함 | J6: L1 | K6: 바로 조치해야할 오류 (Fail)
J7: L2 | K7: 나중에 조치해도 무방한 사소 오류 (Pass)
I8: 개선 | J8: L2 | K8: 개선요구사항 (Pass)
I9: 결함아님 | J9: L3 | K9: 정상 (Pass)
I10: 소스 | J10: L2 | K10: 소스코드의 개발 가이드와 상이

Sheet Sheet2
C1: 본수 | D1: 화면 | E1: 탭 | F1: 팝업 | G1: 레포트 | H1: 조회 | I1: 로직 | J1: 화면
A2: MS | B2: 마스터 | C2: 20 | D2: 15 | E2: 2 | F2: 3 | I2: 김민수D, 이성국D
A3: IB | B3: 입고 | C3: 16 | D3: 7 | F3: 2 | G3: 4 | H3: 3 | I3: 이종혁K | J3: 김민수D
A4: OB | B4: 출고 | C4: 24 | D4: 10 | F4: 3 | G4: 7 | H4: 4 | I4: 이종혁K | J4: 이성국D
A5: RI | B5: 반입 | C5: 5 | D5: 3 | F5: 1 | H5: 1 | I5: 김민수D
A6: RO | B6: 반출 | C6: 5 | D6: 3 | F6: 1 | H6: 1 | I6: 이성국D
A7: ST | B7: 재고 | C7: 41 | D7: 15 | F7: 11 | G7: 9 | H7: 6 | I7: 김민수D,(공통:이종혁K)
A8: IF | B8: 인터페이스 | C8: 8 | D8: 7 | F8: 1 | I8: 이종혁K | J8: 이성국D
A9: SYS | B9: 시스템 | C9: 11 | D9: 8 | F9: 3 | I9: 김민수D, 이성국D
A10: 소계 | C10: =SUM(C2:C9) -> 130 | D10: =SUM(D2:D9) -> 68 | E10: =SUM(E2:E9) -> 2 | F10: =SUM(F2:F9) -> 25 | G10: =SUM(G2:G9) -> 20 | H10: =SUM(H2:H9) -> 15
A11: PDA | B11: 모바일 | C11: 13 | I11: 이종혁K | J11: 김경우선임
A12: 합계 | C12: =SUM(C10:C11) -> 143
A18: 월 | B18: 근무일수
A19: 2월 | B19: 7
A20: 3월 | B20: 23
A21: 4월 | B21: 20
A22: 소계 | B22: 50
A23: 5월 | B23: 23
A24: 합계 | B24: =SUM(B22:B23) -> 73

Sheet 주간진척
A1: ◈ 주간 진척현황 | C1: =개발진척현황!C1 -> 2017.03.02 | I1: 2017.02.27 | L1: 2017.03.10
C2: 전체 | I2: 전주 | L2: 금주
A3: 업무구분 | B3: 총 본수 | C3: 계획 | D3: 실적 | E3: 지연 | F3: 달성률 | G3: 잔여 | H3: 완료율 | I3: 계획 | J3: 실적 | K3: 달성률 | L3: 계획 | M3: 완료율
A4: 마스터 | B4: =COUNTIFS(개발일정표!$A:$A,$A$4,개발일정표!$H:$H,"<>삭제") -> 31 | C4: =COUNTIFS(개발일정표!$A:$A,$A$4,개발일정표!$H:$H,"<>삭제",개발일정표!$J:$J,"<="&$C$1) -> 18 | D4: =COUNTIFS(개발일정표!$A:$A,$A$4,개발일정표!$H:$H,"<>삭제",개발일정표!$L:$L,"<="&$C$1) -> 9 | E4: =C4-D4 -> 9 | F4: =IF(C4=0,0,D4/C4) -> 0.5 | G4: =B4-D4 -> 22 | H4: =IF(B4=0,0,D4/B4) -> 0.29032258 | I4: =COUNTIFS(개발일정표!$A:$A,$A4,개발일정표!$H:$H,"<>삭제",개발일정표!$J:$J,">="&$I$1,개발일정표!$J:$J,"<="&$C$1) -> 6 | J4: =COUNTIFS(개발일정표!$A:$A,$A4,개발일정표!$H:$H,"<>삭제",개발일정표!$L:$L,">="&$I$1,개발일정표!$L:$L,"<="&$C$1) -> 4 | K4: =IF(I4=0,0,J4/I4) -> 0.66666667 | L4: =COUNTIFS(개발일정표!$A:$A,$A4,개발일정표!$H:$H,"<>삭제",개발일정표!$J:$J,">"&$C$1,개발일정표!$J:$J,"<="&$L$1) -> 2 | M4: =IF(B4=0,0,(C4+L4)/B4) -> 0.64516129
A5: 입고 | B5: =COUNTIFS(개발일정표!$A:$A,$A$5,개발일정표!$H:$H,"<>삭제") -> 16 | C5: =COUNTIFS(개발일정표!$A:$A,$A$5,개발일정표!$H:$H,"<>삭제",개발일정표!$J:$J,"<="&$C$1) -> 0 | D5: =COUNTIFS(개발일정표!$A:$A,$A$5,개발일정표!$H:$H,"<>삭제",개발일정표!$L:$L,"<="&$C$1) -> 0 | E5: =C5-D5 -> 0 | F5: =IF(C5=0,0,D5/C5) -> 0 | G5: =B5-D5 -> 16 | H5: =IF(B5=0,0,D5/B5) -> 0 | I5: =COUNTIFS(개발일정표!$A:$A,$A5,개발일정표!$H:$H,"<>삭제",개발일정표!$J:$J,">="&$I$1,개발일정표!$J:$J,"<="&$C$1) -> 0 | J5: =COUNTIFS(개발일정표!$A:$A,$A5,개발일정표!$H:$H,"<>삭제",개발일정표!$L:$L,">="&$I$1,개발일정표!$L:$L,"<="&$C$1) -> 0 | K5: =IF(I5=0,0,J5/I5) -> 0 | L5: =COUNTIFS(개발일정표!$A:$A,$A5,개발일정표!$H:$H,"<>삭제",개발일정표!$J:$J,">"&$C$1,개발일정표!$J:$J,"<="&$L$1) -> 2 | M5: =IF(B5=0,0,(C5+L5)/B5) -> 0.125
A6: 출고 | B6: =COUNTIFS(개발일정표!$A:$A,$A$6,개발일정표!$H:$H,"<>삭제") -> 24 | C6: =COUNTIFS(개발일정표!$A:$A,$A$6,개발일정표!$H:$H,"<>삭제",개발일정표!$J:$J,"<="&$C$1) -> 0 | D6: =COUNTIFS(개발일정표!$A:$A,$A$6,개발일정표!$H:$H,"<>삭제",개발일정표!$L:$L,"<="&$C$1) -> 0 | E6: =C6-D6 -> 0 | F6: =IF(C6=0,0,D6/C6) -> 0 | G6: =B6-D6 -> 24 | H6: =IF(B6=0,0,D6/B6) -> 0 | I6: =COUNTIFS(개발일정표!$A:$A,$A6,개발일정표!$H:$H,"<>삭제",개발일정표!$J:$J,">="&$I$1,개발일정표!$J:$J,"<="&$C$1) -> 0 | J6: =COUNTIFS(개발일정표!$A:$A,$A6,개발일정표!$H:$H,"<>삭제",개발일정표!$L:$L,">="&$I$1,개발일정표!$L:$L,"<="&$C$1) -> 0 | K6: =IF(I6=0,0,J6/I6) -> 0 | L6: =COUNTIFS(개발일정표!$A:$A,$A6,개발일정표!$H:$H,"<>삭제",개발일정표!$J:$J,">"&$C$1,개발일정표!$J:$J,"<="&$L$1) -> 2 | M6: =IF(B6=0,0,(C6+L6)/B6) -> 0.083333333
A7: 반입 | B7: =COUNTIFS(개발일정표!$A:$A,$A$7,개발일정표!$H:$H,"<>삭제") -> 5 | C7: =COUNTIFS(개발일정표!$A:$A,$A$7,개발일정표!$H:$H,"<>삭제",개발일정표!$J:$J,"<="&$C$1) -> 0 | D7: =COUNTIFS(개발일정표!$A:$A,$A$7,개발일정표!$H:$H,"<>삭제",개발일정표!$L:$L,"<="&$C$1) -> 0 | E7: =C7-D7 -> 0 | F7: =IF(C7=0,0,D7/C7) -> 0 | G7: =B7-D7 -> 5 | H7: =IF(B7=0,0,D7/B7) -> 0 | I7: =COUNTIFS(개발일정표!$A:$A,$A7,개발일정표!$H:$H,"<>삭제",개발일정표!$J:$J,">="&$I$1,개발일정표!$J:$J,"<="&$C$1) -> 0 | J7: =COUNTIFS(개발일정표!$A:$A,$A7,개발일정표!$H:$H,"<>삭제",개발일정표!$L:$L,">="&$I$1,개발일정표!$L:$L,"<="&$C$1) -> 0 | K7: =IF(I7=0,0,J7/I7) -> 0 | L7: =COUNTIFS(개발일정표!$A:$A,$A7,개발일정표!$H:$H,"<>삭제",개발일정표!$J:$J,">"&$C$1,개발일정표!$J:$J,"<="&$L$1) -> 0 | M7: =IF(B7=0,0,(C7+L7)/B7) -> 0
A8: 반출 | B8: =COUNTIFS(개발일정표!$A:$A,$A$8,개발일정표!$H:$H,"<>삭제") -> 5 | C8: =COUNTIFS(개발일정표!$A:$A,$A$8,개발일정표!$H:$H,"<>삭제",개발일정표!$J:$J,"<="&$C$1) -> 0 | D8: =COUNTIFS(개발일정표!$A:$A,$A$8,개발일정표!$H:$H,"<>삭제",개발일정표!$L:$L,"<="&$C$1) -> 0 | E8: =C8-D8 -> 0 | F8: =IF(C8=0,0,D8/C8) -> 0 | G8: =B8-D8 -> 5 | H8: =IF(B8=0,0,D8/B8) -> 0 | I8: =COUNTIFS(개발일정표!$A:$A,$A8,개발일정표!$H:$H,"<>삭제",개발일정표!$J:$J,">="&$I$1,개발일정표!$J:$J,"<="&$C$1) -> 0 | J8: =COUNTIFS(개발일정표!$A:$A,$A8,개발일정표!$H:$H,"<>삭제",개발일정표!$L:$L,">="&$I$1,개발일정표!$L:$L,"<="&$C$1) -> 0 | K8: =IF(I8=0,0,J8/I8) -> 0 | L8: =COUNTIFS(개발일정표!$A:$A,$A8,개발일정표!$H:$H,"<>삭제",개발일정표!$J:$J,">"&$C$1,개발일정표!$J:$J,"<="&$L$1) -> 0 | M8: =IF(B8=0,0,(C8+L8)/B8) -> 0
A9: 재고 | B9: =COUNTIFS(개발일정표!$A:$A,$A$9,개발일정표!$H:$H,"<>삭제") -> 41 | C9: =COUNTIFS(개발일정표!$A:$A,$A$9,개발일정표!$H:$H,"<>삭제",개발일정표!$J:$J,"<="&$C$1) -> 0 | D9: =COUNTIFS(개발일정표!$A:$A,$A$9,개발일정표!$H:$H,"<>삭제",개발일정표!$L:$L,"<="&$C$1) -> 0 | E9: =C9-D9 -> 0 | F9: =IF(C9=0,0,D9/C9) -> 0 | G9: =B9-D9 -> 41 | H9: =IF(B9=0,0,D9/B9) -> 0 | I9: =COUNTIFS(개발일정표!$A:$A,$A9,개발일정표!$H:$H,"<>삭제",개발일정표!$J:$J,">="&$I$1,개발일정표!$J:$J,"<="&$C$1) -> 0 | J9: =COUNTIFS(개발일정표!$A:$A,$A9,개발일정표!$H:$H,"<>삭제",개발일정표!$L:$L,">="&$I$1,개발일정표!$L:$L,"<="&$C$1) -> 0 | K9: =IF(I9=0,0,J9/I9) -> 0 | L9: =COUNTIFS(개발일정표!$A:$A,$A9,개발일정표!$H:$H,"<>삭제",개발일정표!$J:$J,">"&$C$1,개발일정표!$J:$J,"<="&$L$1) -> 0 | M9: =IF(B9=0,0,(C9+L9)/B9) -> 0
A10: IF | B10: =COUNTIFS(개발일정표!$A:$A,$A$10,개발일정표!$H:$H,"<>삭제") -> 8 | C10: =COUNTIFS(개발일정표!$A:$A,$A$10,개발일정표!$H:$H,"<>삭제",개발일정표!$J:$J,"<="&$C$1) -> 0 | D10: =COUNTIFS(개발일정표!$A:$A,$A$10,개발일정표!$H:$H,"<>삭제",개발일정표!$L:$L,"<="&$C$1) -> 0 | E10: =C10-D10 -> 0 | F10: =IF(C10=0,0,D10/C10) -> 0 | G10: =B10-D10 -> 8 | H10: =IF(B10=0,0,D10/B10) -> 0 | I10: =COUNTIFS(개발일정표!$A:$A,$A10,개발일정표!$H:$H,"<>삭제",개발일정표!$J:$J,">="&$I$1,개발일정표!$J:$J,"<="&$C$1) -> 0 | J10: =COUNTIFS(개발일정표!$A:$A,$A10,개발일정표!$H:$H,"<>삭제",개발일정표!$L:$L,">="&$I$1,개발일정표!$L:$L,"<="&$C$1) -> 0 | K10: =IF(I10=0,0,J10/I10) -> 0 | L10: =COUNTIFS(개발일정표!$A:$A,$A10,개발일정표!$H:$H,"<>삭제",개발일정표!$J:$J,">"&$C$1,개발일정표!$J:$J,"<="&$L$1) -> 0 | M10: =IF(B10=0,0,(C10+L10)/B10) -> 0
A11: 합계 | B11: =SUM(B4:B10) -> 130 | C11: =SUM(C4:C10) -> 18 | D11: =SUM(D4:D10) -> 9 | E11: =SUM(E4:E10) -> 9 | F11: =IF(C11=0,0,D11/C11) -> 0.5 | G11: =SUM(G4:G10) -> 121 | H11: =IF(B11=0,0,D11/B11) -> 0.069230769 | I11: =SUM(I4:I10) -> 6 | J11: =SUM(J4:J10) -> 4 | K11: =IF(I11=0,0,J11/I11) -> 0.66666667 | L11: =SUM(L4:L10) -> 6 | M11: =IF(B11=0,0,(D11+L11)/B11) -> 0.11538462
A12: PDA | B12: =COUNTIFS(개발일정표!$A:$A,$A$12,개발일정표!$H:$H,"<>삭제") -> 13 | C12: =COUNTIFS(개발일정표!$A:$A,$A$12,개발일정표!$H:$H,"<>삭제",개발일정표!$J:$J,"<="&$C$1) -> 0 | D12: =COUNTIFS(개발일정표!$A:$A,$A$12,개발일정표!$H:$H,"<>삭제",개발일정표!$L:$L,"<="&$C$1) -> 0 | E12: =C12-D12 -> 0 | F12: =IF(C12=0,0,D12/C12) -> 0 | G12: =B12-D12 -> 13 | H12: =IF(B12=0,0,D12/B12) -> 0 | I12: =COUNTIFS(개발일정표!$A:$A,$A12,개발일정표!$H:$H,"<>삭제",개발일정표!$J:$J,">="&$I$1,개발일정표!$J:$J,"<="&$C$1) -> 0 | J12: =COUNTIFS(개발일정표!$A:$A,$A12,개발일정표!$H:$H,"<>삭제",개발일정표!$L:$L,">="&$I$1,개발일정표!$L:$L,"<="&$C$1) -> 0 | K12: =IF(I12=0,0,J12/I12) -> 0 | L12: =COUNTIFS(개발일정표!$A:$A,$A12,개발일정표!$H:$H,"<>삭제",개발일정표!$J:$J,">"&$C$1,개발일정표!$J:$J,"<="&$L$1) -> 0 | M12: =IF(B12=0,0,(C12+L12)/B12) -> 0
A13: 총합계 | B13: =SUM(B11:B12) -> 143 | C13: =SUM(C11:C12) -> 18 | D13: =SUM(D11:D12) -> 9 | E13: =SUM(E11:E12) -> 9 | F13: =IF(C13=0,0,D13/C13) -> 0.5 | G13: =SUM(G11:G12) -> 134 | H13: =IF(B13=0,0,D13/B13) -> 0.062937063 | I13: =SUM(I11:I12) -> 6 | J13: =SUM(J11:J12) -> 4 | K13: =IF(I13=0,0,J13/I13) -> 0.66666667 | L13: =SUM(L11:L12) -> 6 | M13: =IF(B13=0,0,(D13+L13)/B13) -> 0.1048951
A15: 1차계획
C16: 전체 | I16: 전주 | L16: 금주
A17: 업무구분 | B17: 1차본수 | C17: 계획 | D17: 실적 | E17: 지연 | F17: 달성률 | G17: 잔여 | H17: 완료율 | I17: 계획 | J17: 실적 | K17: 달성률 | L17: 계획 | M17: 완료율
A18: 마스터 | B18: =COUNTIFS(개발일정표!$C:$C,"1차",개발일정표!$A:$A,$A18,개발일정표!$H:$H,"<>삭제") -> 20 | C18: =COUNTIFS(개발일정표!$C:$C,"1차",개발일정표!$A:$A,$A18,개발일정표!$H:$H,"<>삭제",개발일정표!$J:$J,"<="&$C$1) -> 18 | D18: =COUNTIFS(개발일정표!$C:$C,"1차",개발일정표!$A:$A,$A18,개발일정표!$H:$H,"<>삭제",개발일정표!$L:$L,"<="&$C$1) -> 9 | E18: =C18-D18 -> 9 | F18: =IF(C18=0,0,D18/C18) -> 0.5 | G18: =B18-D18 -> 11 | H18: =IF(B18=0,0,D18/B18) -> 0.45 | I18: =COUNTIFS(개발일정표!$C:$C,"1차",개발일정표!$A:$A,$A18,개발일정표!$H:$H,"<>삭제",개발일정표!$J:$J,">="&$I$1,개발일정표!$J:$J,"<="&$C$1) -> 6 | J18: =COUNTIFS(개발일정표!$C:$C,"1차",개발일정표!$A:$A,$A18,개발일정표!$H:$H,"<>삭제",개발일정표!$L:$L,">="&$I$1,개발일정표!$L:$L,"<="&$C$1) -> 4 | K18: =IF(I18=0,0,J18/I18) -> 0.66666667 | L18: =COUNTIFS(개발일정표!$C:$C,"1차",개발일정표!$A:$A,$A18,개발일정표!$H:$H,"<>삭제",개발일정표!$J:$J,">"&$C$1,개발일정표!$J:$J,"<="&$L$1) -> 2 | M18: =IF(B18=0,0,(C18+L18)/B18) -> 1
A19: 입고 | B19: =COUNTIFS(개발일정표!$C:$C,"1차",개발일정표!$A:$A,$A19,개발일정표!$H:$H,"<>삭제") -> 9 | C19: =COUNTIFS(개발일정표!$C:$C,"1차",개발일정표!$A:$A,$A19,개발일정표!$H:$H,"<>삭제",개발일정표!$J:$J,"<="&$C$1) -> 0 | D19: =COUNTIFS(개발일정표!$C:$C,"1차",개발일정표!$A:$A,$A19,개발일정표!$H:$H,"<>삭제",개발일정표!$L:$L,"<="&$C$1) -> 0 | E19: =C19-D19 -> 0 | F19: =IF(C19=0,0,D19/C19) -> 0 | G19: =B19-D19 -> 9 | H19: =IF(B19=0,0,D19/B19) -> 0 | I19: =COUNTIFS(개발일정표!$C:$C,"1차",개발일정표!$A:$A,$A19,개발일정표!$H:$H,"<>삭제",개발일정표!$J:$J,">="&$I$1,개발일정표!$J:$J,"<="&$C$1) -> 0 | J19: =COUNTIFS(개발일정표!$C:$C,"1차",개발일정표!$A:$A,$A19,개발일정표!$H:$H,"<>삭제",개발일정표!$L:$L,">="&$I$1,개발일정표!$L:$L,"<="&$C$1) -> 0 | K19: =IF(I19=0,0,J19/I19) -> 0 | L19: =COUNTIFS(개발일정표!$C:$C,"1차",개발일정표!$A:$A,$A19,개발일정표!$H:$H,"<>삭제",개발일정표!$J:$J,">"&$C$1,개발일정표!$J:$J,"<="&$L$1) -> 2 | M19: =IF(B19=0,0,(C19+L19)/B19) -> 0.22222222
A20: 출고 | B20: =COUNTIFS(개발일정표!$C:$C,"1차",개발일정표!$A:$A,$A20,개발일정표!$H:$H,"<>삭제") -> 13 | C20: =COUNTIFS(개발일정표!$C:$C,"1차",개발일정표!$A:$A,$A20,개발일정표!$H:$H,"<>삭제",개발일정표!$J:$J,"<="&$C$1) -> 0 | D20: =COUNTIFS(개발일정표!$C:$C,"1차",개발일정표!$A:$A,$A20,개발일정표!$H:$H,"<>삭제",개발일정표!$L:$L,"<="&$C$1) -> 0 | E20: =C20-D20 -> 0 | F20: =IF(C20=0,0,D20/C20) -> 0 | G20: =B20-D20 -> 13 | H20: =IF(B20=0,0,D20/B20) -> 0 | I20: =COUNTIFS(개발일정표!$C:$C,"1차",개발일정표!$A:$A,$A20,개발일정표!$H:$H,"<>삭제",개발일정표!$J:$J,">="&$I$1,개발일정표!$J:$J,"<="&$C$1) -> 0 | J20: =COUNTIFS(개발일정표!$C:$C,"1차",개발일정표!$A:$A,$A20,개발일정표!$H:$H,"<>삭제",개발일정표!$L:$L,">="&$I$1,개발일정표!$L:$L,"<="&$C$1) -> 0 | K20: =IF(I20=0,0,J20/I20) -> 0 | L20: =COUNTIFS(개발일정표!$C:$C,"1차",개발일정표!$A:$A,$A20,개발일정표!$H:$H,"<>삭제",개발일정표!$J:$J,">"&$C$1,개발일정표!$J:$J,"<="&$L$1) -> 2 | M20: =IF(B20=0,0,(C20+L20)/B20) -> 0.15384615
A21: 반입 | B21: =COUNTIFS(개발일정표!$C:$C,"1차",개발일정표!$A:$A,$A21,개발일정표!$H:$H,"<>삭제") -> 4 | C21: =COUNTIFS(개발일정표!$C:$C,"1차",개발일정표!$A:$A,$A21,개발일정표!$H:$H,"<>삭제",개발일정표!$J:$J,"<="&$C$1) -> 0 | D21: =COUNTIFS(개발일정표!$C:$C,"1차",개발일정표!$A:$A,$A21,개발일정표!$H:$H,"<>삭제",개발일정표!$L:$L,"<="&$C$1) -> 0 | E21: =C21-D21 -> 0 | F21: =IF(C21=0,0,D21/C21) -> 0 | G21: =B21-D21 -> 4 | H21: =IF(B21=0,0,D21/B21) -> 0 | I21: =COUNTIFS(개발일정표!$C:$C,"1차",개발일정표!$A:$A,$A21,개발일정표!$H:$H,"<>삭제",개발일정표!$J:$J,">="&$I$1,개발일정표!$J:$J,"<="&$C$1) -> 0 | J21: =COUNTIFS(개발일정표!$C:$C,"1차",개발일정표!$A:$A,$A21,개발일정표!$H:$H,"<>삭제",개발일정표!$L:$L,">="&$I$1,개발일정표!$L:$L,"<="&$C$1) -> 0 | K21: =IF(I21=0,0,J21/I21) -> 0 | L21: =COUNTIFS(개발일정표!$C:$C,"1차",개발일정표!$A:$A,$A21,개발일정표!$H:$H,"<>삭제",개발일정표!$J:$J,">"&$C$1,개발일정표!$J:$J,"<="&$L$1) -> 0 | M21: =IF(B21=0,0,(C21+L21)/B21) -> 0
A22: 반출 | B22: =COUNTIFS(개발일정표!$C:$C,"1차",개발일정표!$A:$A,$A22,개발일정표!$H:$H,"<>삭제") -> 4 | C22: =COUNTIFS(개발일정표!$C:$C,"1차",개발일정표!$A:$A,$A22,개발일정표!$H:$H,"<>삭제",개발일정표!$J:$J,"<="&$C$1) -> 0 | D22: =COUNTIFS(개발일정표!$C:$C,"1차",개발일정표!$A:$A,$A22,개발일정표!$H:$H,"<>삭제",개발일정표!$L:$L,"<="&$C$1) -> 0 | E22: =C22-D22 -> 0 | F22: =IF(C22=0,0,D22/C22) -> 0 | G22: =B22-D22 -> 4 | H22: =IF(B22=0,0,D22/B22) -> 0 | I22: =COUNTIFS(개발일정표!$C:$C,"1차",개발일정표!$A:$A,$A22,개발일정표!$H:$H,"<>삭제",개발일정표!$J:$J,">="&$I$1,개발일정표!$J:$J,"<="&$C$1) -> 0 | J22: =COUNTIFS(개발일정표!$C:$C,"1차",개발일정표!$A:$A,$A22,개발일정표!$H:$H,"<>삭제",개발일정표!$L:$L,">="&$I$1,개발일정표!$L:$L,"<="&$C$1) -> 0 | K22: =IF(I22=0,0,J22/I22) -> 0 | L22: =COUNTIFS(개발일정표!$C:$C,"1차",개발일정표!$A:$A,$A22,개발일정표!$H:$H,"<>삭제",개발일정표!$J:$J,">"&$C$1,개발일정표!$J:$J,"<="&$L$1) -> 0 | M22: =IF(B22=0,0,(C22+L22)/B22) -> 0
A23: 재고 | B23: =COUNTIFS(개발일정표!$C:$C,"1차",개발일정표!$A:$A,$A23,개발일정표!$H:$H,"<>삭제") -> 26 | C23: =COUNTIFS(개발일정표!$C:$C,"1차",개발일정표!$A:$A,$A23,개발일정표!$H:$H,"<>삭제",개발일정표!$J:$J,"<="&$C$1) -> 0 | D23: =COUNTIFS(개발일정표!$C:$C,"1차",개발일정표!$A:$A,$A23,개발일정표!$H:$H,"<>삭제",개발일정표!$L:$L,"<="&$C$1) -> 0 | E23: =C23-D23 -> 0 | F23: =IF(C23=0,0,D23/C23) -> 0 | G23: =B23-D23 -> 26 | H23: =IF(B23=0,0,D23/B23) -> 0 | I23: =COUNTIFS(개발일정표!$C:$C,"1차",개발일정표!$A:$A,$A23,개발일정표!$H:$H,"<>삭제",개발일정표!$J:$J,">="&$I$1,개발일정표!$J:$J,"<="&$C$1) -> 0 | J23: =COUNTIFS(개발일정표!$C:$C,"1차",개발일정표!$A:$A,$A23,개발일정표!$H:$H,"<>삭제",개발일정표!$L:$L,">="&$I$1,개발일정표!$L:$L,"<="&$C$1) -> 0 | K23: =IF(I23=0,0,J23/I23) -> 0 | L23: =COUNTIFS(개발일정표!$C:$C,"1차",개발일정표!$A:$A,$A23,개발일정표!$H:$H,"<>삭제",개발일정표!$J:$J,">"&$C$1,개발일정표!$J:$J,"<="&$L$1) -> 0 | M23: =IF(B23=0,0,(C23+L23)/B23) -> 0
A24: IF | B24: =COUNTIFS(개발일정표!$C:$C,"1차",개발일정표!$A:$A,$A24,개발일정표!$H:$H,"<>삭제") -> 7 | C24: =COUNTIFS(개발일정표!$C:$C,"1차",개발일정표!$A:$A,$A24,개발일정표!$H:$H,"<>삭제",개발일정표!$J:$J,"<="&$C$1) -> 0 | D24: =COUNTIFS(개발일정표!$C:$C,"1차",개발일정표!$A:$A,$A24,개발일정표!$H:$H,"<>삭제",개발일정표!$L:$L,"<="&$C$1) -> 0 | E24: =C24-D24 -> 0 | F24: =IF(C24=0,0,D24/C24) -> 0 | G24: =B24-D24 -> 7 | H24: =IF(B24=0,0,D24/B24) -> 0 | I24: =COUNTIFS(개발일정표!$C:$C,"1차",개발일정표!$A:$A,$A24,개발일정표!$H:$H,"<>삭제",개발일정표!$J:$J,">="&$I$1,개발일정표!$J:$J,"<="&$C$1) -> 0 | J24: =COUNTIFS(개발일정표!$C:$C,"1차",개발일정표!$A:$A,$A24,개발일정표!$H:$H,"<>삭제",개발일정표!$L:$L,">="&$I$1,개발일정표!$L:$L,"<="&$C$1) -> 0 | K24: =IF(I24=0,0,J24/I24) -> 0 | L24: =COUNTIFS(개발일정표!$C:$C,"1차",개발일정표!$A:$A,$A24,개발일정표!$H:$H,"<>삭제",개발일정표!$J:$J,">"&$C$1,개발일정표!$J:$J,"<="&$L$1) -> 0 | M24: =IF(B24=0,0,(C24+L24)/B24) -> 0
A25: 합계 | B25: =SUM(B18:B24) -> 83 | C25: =SUM(C18:C24) -> 18 | D25: =SUM(D18:D24) -> 9 | E25: =SUM(E18:E24) -> 9 | F25: =IF(C25=0,0,D25/C25) -> 0.5 | G25: =SUM(G18:G24) -> 74 | H25: =IF(B25=0,0,D25/B25) -> 0.10843373 | I25: =SUM(I18:I24) -> 6 | J25: =SUM(J18:J24) -> 4 | K25: =IF(I25=0,0,J25/I25) -> 0.66666667 | L25: =SUM(L18:L24) -> 6 | M25: =IF(B25=0,0,(D25+L25)/B25) -> 0.18072289
A26: PDA | B26: =COUNTIFS(개발일정표!$C:$C,"1차",개발일정표!$A:$A,$A26,개발일정표!$H:$H,"<>삭제") -> 13 | C26: =COUNTIFS(개발일정표!$C:$C,"1차",개발일정표!$A:$A,$A26,개발일정표!$H:$H,"<>삭제",개발일정표!$J:$J,"<="&$C$1) -> 0 | D26: =COUNTIFS(개발일정표!$C:$C,"1차",개발일정표!$A:$A,$A26,개발일정표!$H:$H,"<>삭제",개발일정표!$L:$L,"<="&$C$1) -> 0 | E26: =C26-D26 -> 0 | F26: =IF(C26=0,0,D26/C26) -> 0 | G26: =B26-D26 -> 13 | H26: =IF(B26=0,0,D26/B26) -> 0 | I26: =COUNTIFS(개발일정표!$C:$C,"1차",개발일정표!$A:$A,$A26,개발일정표!$H:$H,"<>삭제",개발일정표!$J:$J,">="&$I$1,개발일정표!$J:$J,"<="&$C$1) -> 0 | J26: =COUNTIFS(개발일정표!$C:$C,"1차",개발일정표!$A:$A,$A26,개발일정표!$H:$H,"<>삭제",개발일정표!$L:$L,">="&$I$1,개발일정표!$L:$L,"<="&$C$1) -> 0 | K26: =IF(I26=0,0,J26/I26) -> 0 | L26: =COUNTIFS(개발일정표!$C:$C,"1차",개발일정표!$A:$A,$A26,개발일정표!$H:$H,"<>삭제",개발일정표!$J:$J,">"&$C$1,개발일정표!$J:$J,"<="&$L$1) -> 0 | M26: =IF(B26=0,0,(C26+L26)/B26) -> 0
A27: 총합계 | B27: =SUM(B25:B26) -> 96 | C27: =SUM(C25:C26) -> 18 | D27: =SUM(D25:D26) -> 9 | E27: =SUM(E25:E26) -> 9 | F27: =IF(C27=0,0,D27/C27) -> 0.5 | G27: =SUM(G25:G26) -> 87 | H27: =IF(B27=0,0,D27/B27) -> 0.09375 | I27: =SUM(I25:I26) -> 6 | J27: =SUM(J25:J26) -> 4 | K27: =IF(I27=0,0,J27/I27) -> 0.66666667 | L27: =SUM(L25:L26) -> 6 | M27: =IF(B27=0,0,(D27+L27)/B27) -> 0.15625
A29: 2차계획
C30: 전체 | I30: 전주 | L30: 금주
A31: 업무구분 | B31: 1차본수 | C31: 계획 | D31: 실적 | E31: 지연 | F31: 달성률 | G31: 잔여 | H31: 완료율 | I31: 계획 | J31: 실적 | K31: 달성률 | L31: 계획 | M31: 완료율
A32: 마스터 | B32: =COUNTIFS(개발일정표!$C:$C,"2차",개발일정표!$A:$A,$A32,개발일정표!$H:$H,"<>삭제") -> 11 | C32: =COUNTIFS(개발일정표!$C:$C,"2차",개발일정표!$A:$A,$A32,개발일정표!$H:$H,"<>삭제",개발일정표!$J:$J,"<="&$C$1) -> 0 | D32: =COUNTIFS(개발일정표!$C:$C,"2차",개발일정표!$A:$A,$A32,개발일정표!$H:$H,"<>삭제",개발일정표!$L:$L,"<="&$C$1) -> 0 | E32: =C32-D32 -> 0 | F32: =IF(C32=0,0,D32/C32) -> 0 | G32: =B32-D32 -> 11 | H32: =IF(B32=0,0,D32/B32) -> 0 | I32: =COUNTIFS(개발일정표!$C:$C,"2차",개발일정표!$A:$A,$A32,개발일정표!$H:$H,"<>삭제",개발일정표!$J:$J,">="&$I$1,개발일정표!$J:$J,"<="&$C$1) -> 0 | J32: =COUNTIFS(개발일정표!$C:$C,"2차",개발일정표!$A:$A,$A32,개발일정표!$H:$H,"<>삭제",개발일정표!$L:$L,">="&$I$1,개발일정표!$L:$L,"<="&$C$1) -> 0 | K32: =IF(I32=0,0,J32/I32) -> 0 | L32: =COUNTIFS(개발일정표!$C:$C,"2차",개발일정표!$A:$A,$A32,개발일정표!$H:$H,"<>삭제",개발일정표!$J:$J,">"&$C$1,개발일정표!$J:$J,"<="&$L$1) -> 0 | M32: =IF(B32=0,0,(C32+L32)/B32) -> 0
A33: 입고 | B33: =COUNTIFS(개발일정표!$C:$C,"2차",개발일정표!$A:$A,$A33,개발일정표!$H:$H,"<>삭제") -> 7 | C33: =COUNTIFS(개발일정표!$C:$C,"2차",개발일정표!$A:$A,$A33,개발일정표!$H:$H,"<>삭제",개발일정표!$J:$J,"<="&$C$1) -> 0 | D33: =COUNTIFS(개발일정표!$C:$C,"2차",개발일정표!$A:$A,$A33,개발일정표!$H:$H,"<>삭제",개발일정표!$L:$L,"<="&$C$1) -> 0 | E33: =C33-D33 -> 0 | F33: =IF(C33=0,0,D33/C33) -> 0 | G33: =B33-D33 -> 7 | H33: =IF(B33=0,0,D33/B33) -> 0 | I33: =COUNTIFS(개발일정표!$C:$C,"2차",개발일정표!$A:$A,$A33,개발일정표!$H:$H,"<>삭제",개발일정표!$J:$J,">="&$I$1,개발일정표!$J:$J,"<="&$C$1) -> 0 | J33: =COUNTIFS(개발일정표!$C:$C,"2차",개발일정표!$A:$A,$A33,개발일정표!$H:$H,"<>삭제",개발일정표!$L:$L,">="&$I$1,개발일정표!$L:$L,"<="&$C$1) -> 0 | K33: =IF(I33=0,0,J33/I33) -> 0 | L33: =COUNTIFS(개발일정표!$C:$C,"2차",개발일정표!$A:$A,$A33,개발일정표!$H:$H,"<>삭제",개발일정표!$J:$J,">"&$C$1,개발일정표!$J:$J,"<="&$L$1) -> 0 | M33: =IF(B33=0,0,(C33+L33)/B33) -> 0
A34: 출고 | B34: =COUNTIFS(개발일정표!$C:$C,"2차",개발일정표!$A:$A,$A34,개발일정표!$H:$H,"<>삭제") -> 11 | C34: =COUNTIFS(개발일정표!$C:$C,"2차",개발일정표!$A:$A,$A34,개발일정표!$H:$H,"<>삭제",개발일정표!$J:$J,"<="&$C$1) -> 0 | D34: =COUNTIFS(개발일정표!$C:$C,"2차",개발일정표!$A:$A,$A34,개발일정표!$H:$H,"<>삭제",개발일정표!$L:$L,"<="&$C$1) -> 0 | E34: =C34-D34 -> 0 | F34: =IF(C34=0,0,D34/C34) -> 0 | G34: =B34-D34 -> 11 | H34: =IF(B34=0,0,D34/B34) -> 0 | I34: =COUNTIFS(개발일정표!$C:$C,"2차",개발일정표!$A:$A,$A34,개발일정표!$H:$H,"<>삭제",개발일정표!$J:$J,">="&$I$1,개발일정표!$J:$J,"<="&$C$1) -> 0 | J34: =COUNTIFS(개발일정표!$C:$C,"2차",개발일정표!$A:$A,$A34,개발일정표!$H:$H,"<>삭제",개발일정표!$L:$L,">="&$I$1,개발일정표!$L:$L,"<="&$C$1) -> 0 | K34: =IF(I34=0,0,J34/I34) -> 0 | L34: =COUNTIFS(개발일정표!$C:$C,"2차",개발일정표!$A:$A,$A34,개발일정표!$H:$H,"<>삭제",개발일정표!$J:$J,">"&$C$1,개발일정표!$J:$J,"<="&$L$1) -> 0 | M34: =IF(B34=0,0,(C34+L34)/B34) -> 0
A35: 반입 | B35: =COUNTIFS(개발일정표!$C:$C,"2차",개발일정표!$A:$A,$A35,개발일정표!$H:$H,"<>삭제") -> 1 | C35: =COUNTIFS(개발일정표!$C:$C,"2차",개발일정표!$A:$A,$A35,개발일정표!$H:$H,"<>삭제",개발일정표!$J:$J,"<="&$C$1) -> 0 | D35: =COUNTIFS(개발일정표!$C:$C,"2차",개발일정표!$A:$A,$A35,개발일정표!$H:$H,"<>삭제",개발일정표!$L:$L,"<="&$C$1) -> 0 | E35: =C35-D35 -> 0 | F35: =IF(C35=0,0,D35/C35) -> 0 | G35: =B35-D35 -> 1 | H35: =IF(B35=0,0,D35/B35) -> 0 | I35: =COUNTIFS(개발일정표!$C:$C,"2차",개발일정표!$A:$A,$A35,개발일정표!$H:$H,"<>삭제",개발일정표!$J:$J,">="&$I$1,개발일정표!$J:$J,"<="&$C$1) -> 0 | J35: =COUNTIFS(개발일정표!$C:$C,"2차",개발일정표!$A:$A,$A35,개발일정표!$H:$H,"<>삭제",개발일정표!$L:$L,">="&$I$1,개발일정표!$L:$L,"<="&$C$1) -> 0 | K35: =IF(I35=0,0,J35/I35) -> 0 | L35: =COUNTIFS(개발일정표!$C:$C,"2차",개발일정표!$A:$A,$A35,개발일정표!$H:$H,"<>삭제",개발일정표!$J:$J,">"&$C$1,개발일정표!$J:$J,"<="&$L$1) -> 0 | M35: =IF(B35=0,0,(C35+L35)/B35) -> 0
A36: 반출 | B36: =COUNTIFS(개발일정표!$C:$C,"2차",개발일정표!$A:$A,$A36,개발일정표!$H:$H,"<>삭제") -> 1 | C36: =COUNTIFS(개발일정표!$C:$C,"2차",개발일정표!$A:$A,$A36,개발일정표!$H:$H,"<>삭제",개발일정표!$J:$J,"<="&$C$1) -> 0 | D36: =COUNTIFS(개발일정표!$C:$C,"2차",개발일정표!$A:$A,$A36,개발일정표!$H:$H,"<>삭제",개발일정표!$L:$L,"<="&$C$1) -> 0 | E36: =C36-D36 -> 0 | F36: =IF(C36=0,0,D36/C36) -> 0 | G36: =B36-D36 -> 1 | H36: =IF(B36=0,0,D36/B36) -> 0 | I36: =COUNTIFS(개발일정표!$C:$C,"2차",개발일정표!$A:$A,$A36,개발일정표!$H:$H,"<>삭제",개발일정표!$J:$J,">="&$I$1,개발일정표!$J:$J,"<="&$C$1) -> 0 | J36: =COUNTIFS(개발일정표!$C:$C,"2차",개발일정표!$A:$A,$A36,개발일정표!$H:$H,"<>삭제",개발일정표!$L:$L,">="&$I$1,개발일정표!$L:$L,"<="&$C$1) -> 0 | K36: =IF(I36=0,0,J36/I36) -> 0 | L36: =COUNTIFS(개발일정표!$C:$C,"2차",개발일정표!$A:$A,$A36,개발일정표!$H:$H,"<>삭제",개발일정표!$J:$J,">"&$C$1,개발일정표!$J:$J,"<="&$L$1) -> 0 | M36: =IF(B36=0,0,(C36+L36)/B36) -> 0
A37: 재고 | B37: =COUNTIFS(개발일정표!$C:$C,"2차",개발일정표!$A:$A,$A37,개발일정표!$H:$H,"<>삭제") -> 15 | C37: =COUNTIFS(개발일정표!$C:$C,"2차",개발일정표!$A:$A,$A37,개발일정표!$H:$H,"<>삭제",개발일정표!$J:$J,"<="&$C$1) -> 0 | D37: =COUNTIFS(개발일정표!$C:$C,"2차",개발일정표!$A:$A,$A37,개발일정표!$H:$H,"<>삭제",개발일정표!$L:$L,"<="&$C$1) -> 0 | E37: =C37-D37 -> 0 | F37: =IF(C37=0,0,D37/C37) -> 0 | G37: =B37-D37 -> 15 | H37: =IF(B37=0,0,D37/B37) -> 0 | I37: =COUNTIFS(개발일정표!$C:$C,"2차",개발일정표!$A:$A,$A37,개발일정표!$H:$H,"<>삭제",개발일정표!$J:$J,">="&$I$1,개발일정표!$J:$J,"<="&$C$1) -> 0 | J37: =COUNTIFS(개발일정표!$C:$C,"2차",개발일정표!$A:$A,$A37,개발일정표!$H:$H,"<>삭제",개발일정표!$L:$L,">="&$I$1,개발일정표!$L:$L,"<="&$C$1) -> 0 | K37: =IF(I37=0,0,J37/I37) -> 0 | L37: =COUNTIFS(개발일정표!$C:$C,"2차",개발일정표!$A:$A,$A37,개발일정표!$H:$H,"<>삭제",개발일정표!$J:$J,">"&$C$1,개발일정표!$J:$J,"<="&$L$1) -> 0 | M37: =IF(B37=0,0,(C37+L37)/B37) -> 0
A38: IF | B38: =COUNTIFS(개발일정표!$C:$C,"2차",개발일정표!$A:$A,$A38,개발일정표!$H:$H,"<>삭제") -> 1 | C38: =COUNTIFS(개발일정표!$C:$C,"2차",개발일정표!$A:$A,$A38,개발일정표!$H:$H,"<>삭제",개발일정표!$J:$J,"<="&$C$1) -> 0 | D38: =COUNTIFS(개발일정표!$C:$C,"2차",개발일정표!$A:$A,$A38,개발일정표!$H:$H,"<>삭제",개발일정표!$L:$L,"<="&$C$1) -> 0 | E38: =C38-D38 -> 0 | F38: =IF(C38=0,0,D38/C38) -> 0 | G38: =B38-D38 -> 1 | H38: =IF(B38=0,0,D38/B38) -> 0 | I38: =COUNTIFS(개발일정표!$C:$C,"2차",개발일정표!$A:$A,$A38,개발일정표!$H:$H,"<>삭제",개발일정표!$J:$J,">="&$I$1,개발일정표!$J:$J,"<="&$C$1) -> 0 | J38: =COUNTIFS(개발일정표!$C:$C,"2차",개발일정표!$A:$A,$A38,개발일정표!$H:$H,"<>삭제",개발일정표!$L:$L,">="&$I$1,개발일정표!$L:$L,"<="&$C$1) -> 0 | K38: =IF(I38=0,0,J38/I38) -> 0 | L38: =COUNTIFS(개발일정표!$C:$C,"2차",개발일정표!$A:$A,$A38,개발일정표!$H:$H,"<>삭제",개발일정표!$J:$J,">"&$C$1,개발일정표!$J:$J,"<="&$L$1) -> 0 | M38: =IF(B38=0,0,(C38+L38)/B38) -> 0
A39: 합계 | B39: =SUM(B32:B38) -> 47 | C39: =SUM(C32:C38) -> 0 | D39: =SUM(D32:D38) -> 0 | E39: =SUM(E32:E38) -> 0 | F39: =IF(C39=0,0,D39/C39) -> 0 | G39: =SUM(G32:G38) -> 47 | H39: =IF(B39=0,0,D39/B39) -> 0 | I39: =SUM(I32:I38) -> 0 | J39: =SUM(J32:J38) -> 0 | K39: =IF(I39=0,0,J39/I39) -> 0 | L39: =SUM(L32:L38) -> 0 | M39: =IF(B39=0,0,(D39+L39)/B39) -> 0
A40: PDA | B40: =COUNTIFS(개발일정표!$C:$C,"2차",개발일정표!$A:$A,$A40,개발일정표!$H:$H,"<>삭제") -> 0 | C40: =COUNTIFS(개발일정표!$C:$C,"2차",개발일정표!$A:$A,$A40,개발일정표!$H:$H,"<>삭제",개발일정표!$J:$J,"<="&$C$1) -> 0 | D40: =COUNTIFS(개발일정표!$C:$C,"2차",개발일정표!$A:$A,$A40,개발일정표!$H:$H,"<>삭제",개발일정표!$L:$L,"<="&$C$1) -> 0 | E40: =C40-D40 -> 0 | F40: =IF(C40=0,0,D40/C40) -> 0 | G40: =B40-D40 -> 0 | H40: =IF(B40=0,0,D40/B40) -> 0 | I40: =COUNTIFS(개발일정표!$C:$C,"2차",개발일정표!$A:$A,$A40,개발일정표!$H:$H,"<>삭제",개발일정표!$J:$J,">="&$I$1,개발일정표!$J:$J,"<="&$C$1) -> 0 | J40: =COUNTIFS(개발일정표!$C:$C,"2차",개발일정표!$A:$A,$A40,개발일정표!$H:$H,"<>삭제",개발일정표!$L:$L,">="&$I$1,개발일정표!$L:$L,"<="&$C$1) -> 0 | K40: =IF(I40=0,0,J40/I40) -> 0 | L40: =COUNTIFS(개발일정표!$C:$C,"2차",개발일정표!$A:$A,$A40,개발일정표!$H:$H,"<>삭제",개발일정표!$J:$J,">"&$C$1,개발일정표!$J:$J,"<="&$L$1) -> 0 | M40: =IF(B40=0,0,(C40+L40)/B40) -> 0
A41: 총합계 | B41: =SUM(B39:B40) -> 47 | C41: =SUM(C39:C40) -> 0 | D41: =SUM(D39:D40) -> 0 | E41: =SUM(E39:E40) -> 0 | F41: =IF(C41=0,0,D41/C41) -> 0 | G41: =SUM(G39:G40) -> 47 | H41: =IF(B41=0,0,D41/B41) -> 0 | I41: =SUM(I39:I40) -> 0 | J41: =SUM(J39:J40) -> 0 | K41: =IF(I41=0,0,J41/I41) -> 0 | L41: =SUM(L39:L40) -> 0 | M41: =IF(B41=0,0,(D41+L41)/B41) -> 0

Sheet 담당자별-개발진척
A1: ◈ 개발자 진척현황 | B1: =개발진척현황!C1 -> 2017.03.02
A2: 개발담당 | B2: 총 본수 | C2: 개발 | J2: PL 검수 | Q2: IT검수/승인 | Y2: TFT검수/승인
C3: 계획 | D3: 실적 | E3: 지연 | F3: 당일계획 | G3: 달성률 | H3: 완료율 | I3: 계획 소요일 | J3: 계획 | K3: Pass | M3: 지연 | N3: 결함 (L1) | O3: Pass율 (계획대비) | P3: Pass율 (전체대비) | Q3: 총본수 | R3: 계획 | S3: Pass | U3: 지연 | V3: 결함 (L1) | W3: Pass율 (계획대비) | X3: Pass율 (전체대비) | Y3: 총본수 | Z3: 계획 | AA3: Pass | AC3: 지연 | AD3: 결함 (L1) | AE3: Pass율 (계획대비) | AF3: Pass율 (전체대비) | AG3: 계획 | AH3: 계획
K4: L3 | L4: L2 | S4: L3 | T4: L2 | AA4: L3 | AB4: L2 | AG4: 1M/D당본수 | AH4: 1본당M/D
A5: 김민수 | B5: =COUNTIFS(개발일정표!$H:$H,$A5,개발일정표!$H:$H,"<>삭제") -> 49 | C5: =COUNTIFS(개발일정표!$H:$H,$A5,개발일정표!$H:$H,"<>삭제",개발일정표!$J:$J,"<="&$B$1) -> 9 | D5: =COUNTIFS(개발일정표!$H:$H,$A5,개발일정표!$H:$H,"<>삭제",개발일정표!$L:$L,"<="&$B$1) -> 7 | E5: =C5-D5 -> 2 | F5: =COUNTIFS(개발일정표!$H:$H,$A5,개발일정표!$H:$H,"<>삭제",개발일정표!$J:$J,"="&$B$1) -> 1 | G5: =IF(C5=0,0,D5/C5) -> 0.77777778 | H5: =IF(B5=0,0,D5/B5) -> 0.14285714 | I5: =SUMIFS(개발일정표!$G:$G,개발일정표!$H:$H,$A5) -> 65 | J5: =COUNTIFS(개발일정표!$H:$H,$A5,개발일정표!$H:$H,"<>삭제",개발일정표!$M:$M,"<>검수제외",개발일정표!$O:$O,"<="&$B$1) -> 0 | K5: =COUNTIFS(개발일정표!$H:$H,$A5,개발일정표!$H:$H,"<>삭제",개발일정표!$M:$M,"<>검수제외",개발일정표!$R:$R,"=L3",개발일정표!$Q:$Q,"<="&$B$1)+COUNTIFS(개발일정표!$H:$H,$A5,개발일정표!$H:$H,"<>삭제",개발일정표!$M:$M,"<>검수제외",개발일정표!$R:$R,"=L1",개발일정표!$S:$S,"=Y",개발일정표!$Q:$Q,"<="&$B$1)+COUNTIFS(개발일정표!$H:$H,$A5,개발일정표!$H:$H,"<>삭제",개발일정표!$M:$M,"<>검수제외",개발일정표!$R:$R,"=L2",개발일정표!$S:$S,"=Y",개발일정표!$Q:$Q,"<="&$B$1) -> 0 | L5: =COUNTIFS(개발일정표!$H:$H,$A5,개발일정표!$H:$H,"<>삭제",개발일정표!$M:$M,"<>검수제외",개발일정표!$R:$R,"=L2")-COUNTIFS(개발일정표!$H:$H,$A5,개발일정표!$H:$H,"<>삭제",개발일정표!$M:$M,"<>검수제외",개발일정표!$R:$R,"=L2",개발일정표!$S:$S,"=Y",개발일정표!$Q:$Q,"<="&$B$1) -> 0 | M5: =J5-(K5+L5) -> 0 | N5: =COUNTIFS(개발일정표!$H:$H,$A5,개발일정표!$H:$H,"<>삭제",개발일정표!$M:$M,"<>검수제외",개발일정표!$R:$R,"=L1")-COUNTIFS(개발일정표!$H:$H,$A5,개발일정표!$H:$H,"<>삭제",개발일정표!$M:$M,"<>검수제외",개발일정표!$R:$R,"=L1",개발일정표!$S:$S,"=Y",개발일정표!$Q:$Q,"<="&$B$1) -> 0 | O5: =IF(J5=0, 0,(K5+L5)/J5) -> 0 | P5: =IF(B5=0,0,(K5+L5)/B5) -> 0 | Q5: =COUNTIFS(개발일정표!$H:$H,$A5,개발일정표!$H:$H,"<>삭제",개발일정표!$T:$T,"<>검수제외") -> 49 | R5: =COUNTIFS(개발일정표!$H:$H,$A5,개발일정표!$H:$H,"<>삭제",개발일정표!$T:$T,"<>검수제외",개발일정표!$V:$V,"<="&$B$1) -> 0 | S5: =COUNTIFS(개발일정표!$H:$H,$A5,개발일정표!$H:$H,"<>삭제",개발일정표!$T:$T,"<>검수제외",개발일정표!$Y:$Y,"=L3",개발일정표!$X:$X,"<="&$B$1)+COUNTIFS(개발일정표!$H:$H,$A5,개발일정표!$H:$H,"<>삭제",개발일정표!$T:$T,"<>검수제외",개발일정표!$Y:$Y,"=L1",개발일정표!$Z:$Z,"=Y",개발일정표!$X:$X,"<="&$B$1)+COUNTIFS(개발일정표!$H:$H,$A5,개발일정표!$H:$H,"<>삭제",개발일정표!$T:$T,"<>검수제외",개발일정표!$Y:$Y,"=L2",개발일정표!$Z:$Z,"=Y",개발일정표!$X:$X,"<="&$B$1) -> 0 | T5: =COUNTIFS(개발일정표!$H:$H,$A5,개발일정표!$H:$H,"<>삭제",개발일정표!$T:$T,"<>검수제외",개발일정표!$Y:$Y,"=L2")-COUNTIFS(개발일정표!$H:$H,$A5,개발일정표!$H:$H,"<>삭제",개발일정표!$T:$T,"<>검수제외",개발일정표!$Y:$Y,"=L2",개발일정표!$Z:$Z,"=Y",개발일정표!$X:$X,"<="&$B$1) -> 0 | U5: =R5-(S5+T5) -> 0 | V5: =COUNTIFS(개발일정표!$H:$H,$A5,개발일정표!$H:$H,"<>삭제",개발일정표!$T:$T,"<>검수제외",개발일정표!$Y:$Y,"=L1")-COUNTIFS(개발일정표!$H:$H,$A5,개발일정표!$H:$H,"<>삭제",개발일정표!$T:$T,"<>검수제외",개발일정표!$Y:$Y,"=L1",개발일정표!$Z:$Z,"=Y",개발일정표!$X:$X,"<="&$B$1) -> 0 | W5: =IF(R5=0, 0,(S5+T5)/R5) -> 0 | X5: =IF(Q5=0,0,(S5+T5)/Q5) -> 0 | Y5: =COUNTIFS(개발일정표!$H:$H,$A5,개발일정표!$H:$H,"<>삭제",개발일정표!$AA:$AA,"<>검수제외") -> 49 | Z5: =COUNTIFS(개발일정표!$H:$H,$A5,개발일정표!$H:$H,"<>삭제",개발일정표!$AA:$AA,"<>검수제외",개발일정표!$AC:$AC,"<="&$B$1) -> 0 | AA5: =COUNTIFS(개발일정표!$H:$H,$A5,개발일정표!$H:$H,"<>삭제",개발일정표!$AA:$AA,"<>검수제외",개발일정표!$AF:$AF,"=L3",개발일정표!$AE:$AE,"<="&$B$1)+COUNTIFS(개발일정표!$H:$H,$A5,개발일정표!$H:$H,"<>삭제",개발일정표!$AA:$AA,"<>검수제외",개발일정표!$AF:$AF,"=L1",개발일정표!$AG:$AG,"=Y",개발일정표!$AE:$AE,"<="&$B$1)+COUNTIFS(개발일정표!$H:$H,$A5,개발일정표!$H:$H,"<>삭제",개발일정표!$AA:$AA,"<>검수제외",개발일정표!$AF:$AF,"=L2",개발일정표!$AG:$AG,"=Y",개발일정표!$AE:$AE,"<="&$B$1) -> 0 | AB5: =COUNTIFS(개발일정표!$H:$H,$A5,개발일정표!$H:$H,"<>삭제",개발일정표!$AA:$AA,"<>검수제외",개발일정표!$AF:$AF,"=L2")-COUNTIFS(개발일정표!$H:$H,$A5,개발일정표!$H:$H,"<>삭제",개발일정표!$AA:$AA,"<>검수제외",개발일정표!$AF:$AF,"=L2",개발일정표!$AG:$AG,"=Y",개발일정표!$AE:$AE,"<="&$B$1) -> 0 | AC5: =Z5-(AA5+AB5) -> 0 | AD5: =COUNTIFS(개발일정표!$H:$H,$A5,개발일정표!$H:$H,"<>삭제",개발일정표!$AA:$AA,"<>검수제외",개발일정표!$AF:$AF,"=L1")-COUNTIFS(개발일정표!$H:$H,$A5,개발일정표!$H:$H,"<>삭제",개발일정표!$AA:$AA,"<>검수제외",개발일정표!$AF:$AF,"=L1",개발일정표!$AG:$AG,"=Y",개발일정표!$AE:$AE,"<="&$B$1) -> 0 | AE5: =IF(Z5=0, 0,(AA5+AB5)/Z5) -> 0 | AF5: =IF(Y5=0,0,(AA5+AB5)/Y5) -> 0 | AG5: =B5/I5 -> 0.75384615 | AH5: =I5/B5 -> 1.3265306
A6: 이성국 | B6: =COUNTIFS(개발일정표!$H:$H,$A6,개발일정표!$H:$H,"<>삭제") -> 34 | C6: =COUNTIFS(개발일정표!$H:$H,$A6,개발일정표!$H:$H,"<>삭제",개발일정표!$J:$J,"<="&$B$1) -> 9 | D6: =COUNTIFS(개발일정표!$H:$H,$A6,개발일정표!$H:$H,"<>삭제",개발일정표!$L:$L,"<="&$B$1) -> 2 | E6: =C6-D6 -> 7 | F6: =COUNTIFS(개발일정표!$H:$H,$A6,개발일정표!$H:$H,"<>삭제",개발일정표!$J:$J,"="&$B$1) -> 1 | G6: =IF(C6=0,0,D6/C6) -> 0.22222222 | H6: =IF(B6=0,0,D6/B6) -> 0.058823529 | I6: =SUMIFS(개발일정표!$G:$G,개발일정표!$H:$H,$A6) -> 55 | J6: =COUNTIFS(개발일정표!$H:$H,$A6,개발일정표!$H:$H,"<>삭제",개발일정표!$M:$M,"<>검수제외",개발일정표!$O:$O,"<="&$B$1) -> 0 | K6: =COUNTIFS(개발일정표!$H:$H,$A6,개발일정표!$H:$H,"<>삭제",개발일정표!$M:$M,"<>검수제외",개발일정표!$R:$R,"=L3",개발일정표!$Q:$Q,"<="&$B$1)+COUNTIFS(개발일정표!$H:$H,$A6,개발일정표!$H:$H,"<>삭제",개발일정표!$M:$M,"<>검수제외",개발일정표!$R:$R,"=L1",개발일정표!$S:$S,"=Y",개발일정표!$Q:$Q,"<="&$B$1)+COUNTIFS(개발일정표!$H:$H,$A6,개발일정표!$H:$H,"<>삭제",개발일정표!$M:$M,"<>검수제외",개발일정표!$R:$R,"=L2",개발일정표!$S:$S,"=Y",개발일정표!$Q:$Q,"<="&$B$1) -> 0 | L6: =COUNTIFS(개발일정표!$H:$H,$A6,개발일정표!$H:$H,"<>삭제",개발일정표!$M:$M,"<>검수제외",개발일정표!$R:$R,"=L2")-COUNTIFS(개발일정표!$H:$H,$A6,개발일정표!$H:$H,"<>삭제",개발일정표!$M:$M,"<>검수제외",개발일정표!$R:$R,"=L2",개발일정표!$S:$S,"=Y",개발일정표!$Q:$Q,"<="&$B$1) -> 0 | M6: =J6-(K6+L6) -> 0 | N6: =COUNTIFS(개발일정표!$H:$H,$A6,개발일정표!$H:$H,"<>삭제",개발일정표!$M:$M,"<>검수제외",개발일정표!$R:$R,"=L1")-COUNTIFS(개발일정표!$H:$H,$A6,개발일정표!$H:$H,"<>삭제",개발일정표!$M:$M,"<>검수제외",개발일정표!$R:$R,"=L1",개발일정표!$S:$S,"=Y",개발일정표!$Q:$Q,"<="&$B$1) -> 0 | O6: =IF(J6=0, 0,(K6+L6)/J6) -> 0 | P6: =IF(B6=0,0,(K6+L6)/B6) -> 0 | Q6: =COUNTIFS(개발일정표!$H:$H,$A6,개발일정표!$H:$H,"<>삭제",개발일정표!$T:$T,"<>검수제외") -> 34 | R6: =COUNTIFS(개발일정표!$H:$H,$A6,개발일정표!$H:$H,"<>삭제",개발일정표!$T:$T,"<>검수제외",개발일정표!$V:$V,"<="&$B$1) -> 0 | S6: =COUNTIFS(개발일정표!$H:$H,$A6,개발일정표!$H:$H,"<>삭제",개발일정표!$T:$T,"<>검수제외",개발일정표!$Y:$Y,"=L3",개발일정표!$X:$X,"<="&$B$1)+COUNTIFS(개발일정표!$H:$H,$A6,개발일정표!$H:$H,"<>삭제",개발일정표!$T:$T,"<>검수제외",개발일정표!$Y:$Y,"=L1",개발일정표!$Z:$Z,"=Y",개발일정표!$X:$X,"<="&$B$1)+COUNTIFS(개발일정표!$H:$H,$A6,개발일정표!$H:$H,"<>삭제",개발일정표!$T:$T,"<>검수제외",개발일정표!$Y:$Y,"=L2",개발일정표!$Z:$Z,"=Y",개발일정표!$X:$X,"<="&$B$1) -> 0 | T6: =COUNTIFS(개발일정표!$H:$H,$A6,개발일정표!$H:$H,"<>삭제",개발일정표!$T:$T,"<>검수제외",개발일정표!$Y:$Y,"=L2")-COUNTIFS(개발일정표!$H:$H,$A6,개발일정표!$H:$H,"<>삭제",개발일정표!$T:$T,"<>검수제외",개발일정표!$Y:$Y,"=L2",개발일정표!$Z:$Z,"=Y",개발일정표!$X:$X,"<="&$B$1) -> 0 | U6: =R6-(S6+T6) -> 0 | V6: =COUNTIFS(개발일정표!$H:$H,$A6,개발일정표!$H:$H,"<>삭제",개발일정표!$T:$T,"<>검수제외",개발일정표!$Y:$Y,"=L1")-COUNTIFS(개발일정표!$H:$H,$A6,개발일정표!$H:$H,"<>삭제",개발일정표!$T:$T,"<>검수제외",개발일정표!$Y:$Y,"=L1",개발일정표!$Z:$Z,"=Y",개발일정표!$X:$X,"<="&$B$1) -> 0 | W6: =IF(R6=0, 0,(S6+T6)/R6) -> 0 | X6: =IF(Q6=0,0,(S6+T6)/Q6) -> 0 | Y6: =COUNTIFS(개발일정표!$H:$H,$A6,개발일정표!$H:$H,"<>삭제",개발일정표!$AA:$AA,"<>검수제외") -> 34 | Z6: =COUNTIFS(개발일정표!$H:$H,$A6,개발일정표!$H:$H,"<>삭제",개발일정표!$AA:$AA,"<>검수제외",개발일정표!$AC:$AC,"<="&$B$1) -> 0 | AA6: =COUNTIFS(개발일정표!$H:$H,$A6,개발일정표!$H:$H,"<>삭제",개발일정표!$AA:$AA,"<>검수제외",개발일정표!$AF:$AF,"=L3",개발일정표!$AE:$AE,"<="&$B$1)+COUNTIFS(개발일정표!$H:$H,$A6,개발일정표!$H:$H,"<>삭제",개발일정표!$AA:$AA,"<>검수제외",개발일정표!$AF:$AF,"=L1",개발일정표!$AG:$AG,"=Y",개발일정표!$AE:$AE,"<="&$B$1)+COUNTIFS(개발일정표!$H:$H,$A6,개발일정표!$H:$H,"<>삭제",개발일정표!$AA:$AA,"<>검수제외",개발일정표!$AF:$AF,"=L2",개발일정표!$AG:$AG,"=Y",개발일정표!$AE:$AE,"<="&$B$1) -> 0 | AB6: =COUNTIFS(개발일정표!$H:$H,$A6,개발일정표!$H:$H,"<>삭제",개발일정표!$AA:$AA,"<>검수제외",개발일정표!$AF:$AF,"=L2")-COUNTIFS(개발일정표!$H:$H,$A6,개발일정표!$H:$H,"<>삭제",개발일정표!$AA:$AA,"<>검수제외",개발일정표!$AF:$AF,"=L2",개발일정표!$AG:$AG,"=Y",개발일정표!$AE:$AE,"<="&$B$1) -> 0 | AC6: =Z6-(AA6+AB6) -> 0 | AD6: =COUNTIFS(개발일정표!$H:$H,$A6,개발일정표!$H:$H,"<>삭제",개발일정표!$AA:$AA,"<>검수제외",개발일정표!$AF:$AF,"=L1")-COUNTIFS(개발일정표!$H:$H,$A6,개발일정표!$H:$H,"<>삭제",개발일정표!$AA:$AA,"<>검수제외",개발일정표!$AF:$AF,"=L1",개발일정표!$AG:$AG,"=Y",개발일정표!$AE:$AE,"<="&$B$1) -> 0 | AE6: =IF(Z6=0, 0,(AA6+AB6)/Z6) -> 0 | AF6: =IF(Y6=0,0,(AA6+AB6)/Y6) -> 0 | AG6: =B6/I6 -> 0.61818182 | AH6: =I6/B6 -> 1.6176471
A7: 김경우 | B7: =COUNTIFS(개발일정표!$H:$H,$A7,개발일정표!$H:$H,"<>삭제") -> 13 | C7: =COUNTIFS(개발일정표!$H:$H,$A7,개발일정표!$H:$H,"<>삭제",개발일정표!$J:$J,"<="&$B$1) -> 0 | D7: =COUNTIFS(개발일정표!$H:$H,$A7,개발일정표!$H:$H,"<>삭제",개발일정표!$L:$L,"<="&$B$1) -> 0 | E7: =C7-D7 -> 0 | F7: =COUNTIFS(개발일정표!$H:$H,$A7,개발일정표!$H:$H,"<>삭제",개발일정표!$J:$J,"="&$B$1) -> 0 | G7: =IF(C7=0,0,D7/C7) -> 0 | H7: =IF(B7=0,0,D7/B7) -> 0 | I7: =SUMIFS(개발일정표!$G:$G,개발일정표!$H:$H,$A7) -> 0 | J7: =COUNTIFS(개발일정표!$H:$H,$A7,개발일정표!$H:$H,"<>삭제",개발일정표!$M:$M,"<>검수제외",개발일정표!$O:$O,"<="&$B$1) -> 0 | K7: =COUNTIFS(개발일정표!$H:$H,$A7,개발일정표!$H:$H,"<>삭제",개발일정표!$M:$M,"<>검수제외",개발일정표!$R:$R,"=L3",개발일정표!$Q:$Q,"<="&$B$1)+COUNTIFS(개발일정표!$H:$H,$A7,개발일정표!$H:$H,"<>삭제",개발일정표!$M:$M,"<>검수제외",개발일정표!$R:$R,"=L1",개발일정표!$S:$S,"=Y",개발일정표!$Q:$Q,"<="&$B$1)+COUNTIFS(개발일정표!$H:$H,$A7,개발일정표!$H:$H,"<>삭제",개발일정표!$M:$M,"<>검수제외",개발일정표!$R:$R,"=L2",개발일정표!$S:$S,"=Y",개발일정표!$Q:$Q,"<="&$B$1) -> 0 | L7: =COUNTIFS(개발일정표!$H:$H,$A7,개발일정표!$H:$H,"<>삭제",개발일정표!$M:$M,"<>검수제외",개발일정표!$R:$R,"=L2")-COUNTIFS(개발일정표!$H:$H,$A7,개발일정표!$H:$H,"<>삭제",개발일정표!$M:$M,"<>검수제외",개발일정표!$R:$R,"=L2",개발일정표!$S:$S,"=Y",개발일정표!$Q:$Q,"<="&$B$1) -> 0 | M7: =J7-(K7+L7) -> 0 | N7: =COUNTIFS(개발일정표!$H:$H,$A7,개발일정표!$H:$H,"<>삭제",개발일정표!$M:$M,"<>검수제외",개발일정표!$R:$R,"=L1")-COUNTIFS(개발일정표!$H:$H,$A7,개발일정표!$H:$H,"<>삭제",개발일정표!$M:$M,"<>검수제외",개발일정표!$R:$R,"=L1",개발일정표!$S:$S,"=Y",개발일정표!$Q:$Q,"<="&$B$1) -> 0 | O7: =IF(J7=0, 0,(K7+L7)/J7) -> 0 | P7: =IF(B7=0,0,(K7+L7)/B7) -> 0 | Q7: =COUNTIFS(개발일정표!$H:$H,$A7,개발일정표!$H:$H,"<>삭제",개발일정표!$T:$T,"<>검수제외") -> 13 | R7: =COUNTIFS(개발일정표!$H:$H,$A7,개발일정표!$H:$H,"<>삭제",개발일정표!$T:$T,"<>검수제외",개발일정표!$V:$V,"<="&$B$1) -> 0 | S7: =COUNTIFS(개발일정표!$H:$H,$A7,개발일정표!$H:$H,"<>삭제",개발일정표!$T:$T,"<>검수제외",개발일정표!$Y:$Y,"=L3",개발일정표!$X:$X,"<="&$B$1)+COUNTIFS(개발일정표!$H:$H,$A7,개발일정표!$H:$H,"<>삭제",개발일정표!$T:$T,"<>검수제외",개발일정표!$Y:$Y,"=L1",개발일정표!$Z:$Z,"=Y",개발일정표!$X:$X,"<="&$B$1)+COUNTIFS(개발일정표!$H:$H,$A7,개발일정표!$H:$H,"<>삭제",개발일정표!$T:$T,"<>검수제외",개발일정표!$Y:$Y,"=L2",개발일정표!$Z:$Z,"=Y",개발일정표!$X:$X,"<="&$B$1) -> 0 | T7: =COUNTIFS(개발일정표!$H:$H,$A7,개발일정표!$H:$H,"<>삭제",개발일정표!$T:$T,"<>검수제외",개발일정표!$Y:$Y,"=L2")-COUNTIFS(개발일정표!$H:$H,$A7,개발일정표!$H:$H,"<>삭제",개발일정표!$T:$T,"<>검수제외",개발일정표!$Y:$Y,"=L2",개발일정표!$Z:$Z,"=Y",개발일정표!$X:$X,"<="&$B$1) -> 0 | U7: =R7-(S7+T7) -> 0 | V7: =COUNTIFS(개발일정표!$H:$H,$A7,개발일정표!$H:$H,"<>삭제",개발일정표!$T:$T,"<>검수제외",개발일정표!$Y:$Y,"=L1")-COUNTIFS(개발일정표!$H:$H,$A7,개발일정표!$H:$H,"<>삭제",개발일정표!$T:$T,"<>검수제외",개발일정표!$Y:$Y,"=L1",개발일정표!$Z:$Z,"=Y",개발일정표!$X:$X,"<="&$B$1) -> 0 | W7: =IF(R7=0, 0,(S7+T7)/R7) -> 0 | X7: =IF(Q7=0,0,(S7+T7)/Q7) -> 0 | Y7: =COUNTIFS(개발일정표!$H:$H,$A7,개발일정표!$H:$H,"<>삭제",개발일정표!$AA:$AA,"<>검수제외") -> 13 | Z7: =COUNTIFS(개발일정표!$H:$H,$A7,개발일정표!$H:$H,"<>삭제",개발일정표!$AA:$AA,"<>검수제외",개발일정표!$AC:$AC,"<="&$B$1) -> 0 | AA7: =COUNTIFS(개발일정표!$H:$H,$A7,개발일정표!$H:$H,"<>삭제",개발일정표!$AA:$AA,"<>검수제외",개발일정표!$AF:$AF,"=L3",개발일정표!$AE:$AE,"<="&$B$1)+COUNTIFS(개발일정표!$H:$H,$A7,개발일정표!$H:$H,"<>삭제",개발일정표!$AA:$AA,"<>검수제외",개발일정표!$AF:$AF,"=L1",개발일정표!$AG:$AG,"=Y",개발일정표!$AE:$AE,"<="&$B$1)+COUNTIFS(개발일정표!$H:$H,$A7,개발일정표!$H:$H,"<>삭제",개발일정표!$AA:$AA,"<>검수제외",개발일정표!$AF:$AF,"=L2",개발일정표!$AG:$AG,"=Y",개발일정표!$AE:$AE,"<="&$B$1) -> 0 | AB7: =COUNTIFS(개발일정표!$H:$H,$A7,개발일정표!$H:$H,"<>삭제",개발일정표!$AA:$AA,"<>검수제외",개발일정표!$AF:$AF,"=L2")-COUNTIFS(개발일정표!$H:$H,$A7,개발일정표!$H:$H,"<>삭제",개발일정표!$AA:$AA,"<>검수제외",개발일정표!$AF:$AF,"=L2",개발일정표!$AG:$AG,"=Y",개발일정표!$AE:$AE,"<="&$B$1) -> 0 | AC7: =Z7-(AA7+AB7) -> 0 | AD7: =COUNTIFS(개발일정표!$H:$H,$A7,개발일정표!$H:$H,"<>삭제",개발일정표!$AA:$AA,"<>검수제외",개발일정표!$AF:$AF,"=L1")-COUNTIFS(개발일정표!$H:$H,$A7,개발일정표!$H:$H,"<>삭제",개발일정표!$AA:$AA,"<>검수제외",개발일정표!$AF:$AF,"=L1",개발일정표!$AG:$AG,"=Y",개발일정표!$AE:$AE,"<="&$B$1) -> 0 | AE7: =IF(Z7=0, 0,(AA7+AB7)/Z7) -> 0 | AF7: =IF(Y7=0,0,(AA7+AB7)/Y7) -> 0
A8: 김민수R | B8: =COUNTIFS(개발일정표!$H:$H,$A8,개발일정표!$H:$H,"<>삭제") -> 13 | C8: =COUNTIFS(개발일정표!$H:$H,$A8,개발일정표!$H:$H,"<>삭제",개발일정표!$J:$J,"<="&$B$1) -> 0 | D8: =COUNTIFS(개발일정표!$H:$H,$A8,개발일정표!$H:$H,"<>삭제",개발일정표!$L:$L,"<="&$B$1) -> 0 | E8: =C8-D8 -> 0 | F8: =COUNTIFS(개발일정표!$H:$H,$A8,개발일정표!$H:$H,"<>삭제",개발일정표!$J:$J,"="&$B$1) -> 0 | G8: =IF(C8=0,0,D8/C8) -> 0 | H8: =IF(B8=0,0,D8/B8) -> 0 | I8: =SUMIFS(개발일정표!$G:$G,개발일정표!$H:$H,$A8) -> 13 | J8: =COUNTIFS(개발일정표!$H:$H,$A8,개발일정표!$H:$H,"<>삭제",개발일정표!$M:$M,"<>검수제외",개발일정표!$O:$O,"<="&$B$1) -> 0 | K8: =COUNTIFS(개발일정표!$H:$H,$A8,개발일정표!$H:$H,"<>삭제",개발일정표!$M:$M,"<>검수제외",개발일정표!$R:$R,"=L3",개발일정표!$Q:$Q,"<="&$B$1)+COUNTIFS(개발일정표!$H:$H,$A8,개발일정표!$H:$H,"<>삭제",개발일정표!$M:$M,"<>검수제외",개발일정표!$R:$R,"=L1",개발일정표!$S:$S,"=Y",개발일정표!$Q:$Q,"<="&$B$1)+COUNTIFS(개발일정표!$H:$H,$A8,개발일정표!$H:$H,"<>삭제",개발일정표!$M:$M,"<>검수제외",개발일정표!$R:$R,"=L2",개발일정표!$S:$S,"=Y",개발일정표!$Q:$Q,"<="&$B$1) -> 0 | L8: =COUNTIFS(개발일정표!$H:$H,$A8,개발일정표!$H:$H,"<>삭제",개발일정표!$M:$M,"<>검수제외",개발일정표!$R:$R,"=L2")-COUNTIFS(개발일정표!$H:$H,$A8,개발일정표!$H:$H,"<>삭제",개발일정표!$M:$M,"<>검수제외",개발일정표!$R:$R,"=L2",개발일정표!$S:$S,"=Y",개발일정표!$Q:$Q,"<="&$B$1) -> 0 | M8: =J8-(K8+L8) -> 0 | N8: =COUNTIFS(개발일정표!$H:$H,$A8,개발일정표!$H:$H,"<>삭제",개발일정표!$M:$M,"<>검수제외",개발일정표!$R:$R,"=L1")-COUNTIFS(개발일정표!$H:$H,$A8,개발일정표!$H:$H,"<>삭제",개발일정표!$M:$M,"<>검수제외",개발일정표!$R:$R,"=L1",개발일정표!$S:$S,"=Y",개발일정표!$Q:$Q,"<="&$B$1) -> 0 | O8: =IF(J8=0, 0,(K8+L8)/J8) -> 0 | P8: =IF(B8=0,0,(K8+L8)/B8) -> 0 | Q8: =COUNTIFS(개발일정표!$H:$H,$A8,개발일정표!$H:$H,"<>삭제",개발일정표!$T:$T,"<>검수제외") -> 13 | R8: =COUNTIFS(개발일정표!$H:$H,$A8,개발일정표!$H:$H,"<>삭제",개발일정표!$T:$T,"<>검수제외",개발일정표!$V:$V,"<="&$B$1) -> 0 | S8: =COUNTIFS(개발일정표!$H:$H,$A8,개발일정표!$H:$H,"<>삭제",개발일정표!$T:$T,"<>검수제외",개발일정표!$Y:$Y,"=L3",개발일정표!$X:$X,"<="&$B$1)+COUNTIFS(개발일정표!$H:$H,$A8,개발일정표!$H:$H,"<>삭제",개발일정표!$T:$T,"<>검수제외",개발일정표!$Y:$Y,"=L1",개발일정표!$Z:$Z,"=Y",개발일정표!$X:$X,"<="&$B$1)+COUNTIFS(개발일정표!$H:$H,$A8,개발일정표!$H:$H,"<>삭제",개발일정표!$T:$T,"<>검수제외",개발일정표!$Y:$Y,"=L2",개발일정표!$Z:$Z,"=Y",개발일정표!$X:$X,"<="&$B$1) -> 0 | T8: =COUNTIFS(개발일정표!$H:$H,$A8,개발일정표!$H:$H,"<>삭제",개발일정표!$T:$T,"<>검수제외",개발일정표!$Y:$Y,"=L2")-COUNTIFS(개발일정표!$H:$H,$A8,개발일정표!$H:$H,"<>삭제",개발일정표!$T:$T,"<>검수제외",개발일정표!$Y:$Y,"=L2",개발일정표!$Z:$Z,"=Y",개발일정표!$X:$X,"<="&$B$1) -> 0 | U8: =R8-(S8+T8) -> 0 | V8: =COUNTIFS(개발일정표!$H:$H,$A8,개발일정표!$H:$H,"<>삭제",개발일정표!$T:$T,"<>검수제외",개발일정표!$Y:$Y,"=L1")-COUNTIFS(개발일정표!$H:$H,$A8,개발일정표!$H:$H,"<>삭제",개발일정표!$T:$T,"<>검수제외",개발일정표!$Y:$Y,"=L1",개발일정표!$Z:$Z,"=Y",개발일정표!$X:$X,"<="&$B$1) -> 0 | W8: =IF(R8=0, 0,(S8+T8)/R8) -> 0 | X8: =IF(Q8=0,0,(S8+T8)/Q8) -> 0 | Y8: =COUNTIFS(개발일정표!$H:$H,$A8,개발일정표!$H:$H,"<>삭제",개발일정표!$AA:$AA,"<>검수제외") -> 13 | Z8: =COUNTIFS(개발일정표!$H:$H,$A8,개발일정표!$H:$H,"<>삭제",개발일정표!$AA:$AA,"<>검수제외",개발일정표!$AC:$AC,"<="&$B$1) -> 0 | AA8: =COUNTIFS(개발일정표!$H:$H,$A8,개발일정표!$H:$H,"<>삭제",개발일정표!$AA:$AA,"<>검수제외",개발일정표!$AF:$AF,"=L3",개발일정표!$AE:$AE,"<="&$B$1)+COUNTIFS(개발일정표!$H:$H,$A8,개발일정표!$H:$H,"<>삭제",개발일정표!$AA:$AA,"<>검수제외",개발일정표!$AF:$AF,"=L1",개발일정표!$AG:$AG,"=Y",개발일정표!$AE:$AE,"<="&$B$1)+COUNTIFS(개발일정표!$H:$H,$A8,개발일정표!$H:$H,"<>삭제",개발일정표!$AA:$AA,"<>검수제외",개발일정표!$AF:$AF,"=L2",개발일정표!$AG:$AG,"=Y",개발일정표!$AE:$AE,"<="&$B$1) -> 0 | AB8: =COUNTIFS(개발일정표!$H:$H,$A8,개발일정표!$H:$H,"<>삭제",개발일정표!$AA:$AA,"<>검수제외",개발일정표!$AF:$AF,"=L2")-COUNTIFS(개발일정표!$H:$H,$A8,개발일정표!$H:$H,"<>삭제",개발일정표!$AA:$AA,"<>검수제외",개발일정표!$AF:$AF,"=L2",개발일정표!$AG:$AG,"=Y",개발일정표!$AE:$AE,"<="&$B$1) -> 0 | AC8: =Z8-(AA8+AB8) -> 0 | AD8: =COUNTIFS(개발일정표!$H:$H,$A8,개발일정표!$H:$H,"<>삭제",개발일정표!$AA:$AA,"<>검수제외",개발일정표!$AF:$AF,"=L1")-COUNTIFS(개발일정표!$H:$H,$A8,개발일정표!$H:$H,"<>삭제",개발일정표!$AA:$AA,"<>검수제외",개발일정표!$AF:$AF,"=L1",개발일정표!$AG:$AG,"=Y",개발일정표!$AE:$AE,"<="&$B$1) -> 0 | AE8: =IF(Z8=0, 0,(AA8+AB8)/Z8) -> 0 | AF8: =IF(Y8=0,0,(AA8+AB8)/Y8) -> 0 | AG8: =B8/I8 -> 1 | AH8: =I8/B8 -> 1
A9: 이성국R | B9: =COUNTIFS(개발일정표!$H:$H,$A9,개발일정표!$H:$H,"<>삭제") -> 7 | C9: =COUNTIFS(개발일정표!$H:$H,$A9,개발일정표!$H:$H,"<>삭제",개발일정표!$J:$J,"<="&$B$1) -> 0 | D9: =COUNTIFS(개발일정표!$H:$H,$A9,개발일정표!$H:$H,"<>삭제",개발일정표!$L:$L,"<="&$B$1) -> 0 | E9: =C9-D9 -> 0 | F9: =COUNTIFS(개발일정표!$H:$H,$A9,개발일정표!$H:$H,"<>삭제",개발일정표!$J:$J,"="&$B$1) -> 0 | G9: =IF(C9=0,0,D9/C9) -> 0 | H9: =IF(B9=0,0,D9/B9) -> 0 | I9: =SUMIFS(개발일정표!$G:$G,개발일정표!$H:$H,$A9) -> 7 | J9: =COUNTIFS(개발일정표!$H:$H,$A9,개발일정표!$H:$H,"<>삭제",개발일정표!$M:$M,"<>검수제외",개발일정표!$O:$O,"<="&$B$1) -> 0 | K9: =COUNTIFS(개발일정표!$H:$H,$A9,개발일정표!$H:$H,"<>삭제",개발일정표!$M:$M,"<>검수제외",개발일정표!$R:$R,"=L3",개발일정표!$Q:$Q,"<="&$B$1)+COUNTIFS(개발일정표!$H:$H,$A9,개발일정표!$H:$H,"<>삭제",개발일정표!$M:$M,"<>검수제외",개발일정표!$R:$R,"=L1",개발일정표!$S:$S,"=Y",개발일정표!$Q:$Q,"<="&$B$1)+COUNTIFS(개발일정표!$H:$H,$A9,개발일정표!$H:$H,"<>삭제",개발일정표!$M:$M,"<>검수제외",개발일정표!$R:$R,"=L2",개발일정표!$S:$S,"=Y",개발일정표!$Q:$Q,"<="&$B$1) -> 0 | L9: =COUNTIFS(개발일정표!$H:$H,$A9,개발일정표!$H:$H,"<>삭제",개발일정표!$M:$M,"<>검수제외",개발일정표!$R:$R,"=L2")-COUNTIFS(개발일정표!$H:$H,$A9,개발일정표!$H:$H,"<>삭제",개발일정표!$M:$M,"<>검수제외",개발일정표!$R:$R,"=L2",개발일정표!$S:$S,"=Y",개발일정표!$Q:$Q,"<="&$B$1) -> 0 | M9: =J9-(K9+L9) -> 0 | N9: =COUNTIFS(개발일정표!$H:$H,$A9,개발일정표!$H:$H,"<>삭제",개발일정표!$M:$M,"<>검수제외",개발일정표!$R:$R,"=L1")-COUNTIFS(개발일정표!$H:$H,$A9,개발일정표!$H:$H,"<>삭제",개발일정표!$M:$M,"<>검수제외",개발일정표!$R:$R,"=L1",개발일정표!$S:$S,"=Y",개발일정표!$Q:$Q,"<="&$B$1) -> 0 | O9: =IF(J9=0, 0,(K9+L9)/J9) -> 0 | P9: =IF(B9=0,0,(K9+L9)/B9) -> 0 | Q9: =COUNTIFS(개발일정표!$H:$H,$A9,개발일정표!$H:$H,"<>삭제",개발일정표!$T:$T,"<>검수제외") -> 7 | R9: =COUNTIFS(개발일정표!$H:$H,$A9,개발일정표!$H:$H,"<>삭제",개발일정표!$T:$T,"<>검수제외",개발일정표!$V:$V,"<="&$B$1) -> 0 | S9: =COUNTIFS(개발일정표!$H:$H,$A9,개발일정표!$H:$H,"<>삭제",개발일정표!$T:$T,"<>검수제외",개발일정표!$Y:$Y,"=L3",개발일정표!$X:$X,"<="&$B$1)+COUNTIFS(개발일정표!$H:$H,$A9,개발일정표!$H:$H,"<>삭제",개발일정표!$T:$T,"<>검수제외",개발일정표!$Y:$Y,"=L1",개발일정표!$Z:$Z,"=Y",개발일정표!$X:$X,"<="&$B$1)+COUNTIFS(개발일정표!$H:$H,$A9,개발일정표!$H:$H,"<>삭제",개발일정표!$T:$T,"<>검수제외",개발일정표!$Y:$Y,"=L2",개발일정표!$Z:$Z,"=Y",개발일정표!$X:$X,"<="&$B$1) -> 0 | T9: =COUNTIFS(개발일정표!$H:$H,$A9,개발일정표!$H:$H,"<>삭제",개발일정표!$T:$T,"<>검수제외",개발일정표!$Y:$Y,"=L2")-COUNTIFS(개발일정표!$H:$H,$A9,개발일정표!$H:$H,"<>삭제",개발일정표!$T:$T,"<>검수제외",개발일정표!$Y:$Y,"=L2",개발일정표!$Z:$Z,"=Y",개발일정표!$X:$X,"<="&$B$1) -> 0 | U9: =R9-(S9+T9) -> 0 | V9: =COUNTIFS(개발일정표!$H:$H,$A9,개발일정표!$H:$H,"<>삭제",개발일정표!$T:$T,"<>검수제외",개발일정표!$Y:$Y,"=L1")-COUNTIFS(개발일정표!$H:$H,$A9,개발일정표!$H:$H,"<>삭제",개발일정표!$T:$T,"<>검수제외",개발일정표!$Y:$Y,"=L1",개발일정표!$Z:$Z,"=Y",개발일정표!$X:$X,"<="&$B$1) -> 0 | W9: =IF(R9=0, 0,(S9+T9)/R9) -> 0 | X9: =IF(Q9=0,0,(S9+T9)/Q9) -> 0 | Y9: =COUNTIFS(개발일정표!$H:$H,$A9,개발일정표!$H:$H,"<>삭제",개발일정표!$AA:$AA,"<>검수제외") -> 7 | Z9: =COUNTIFS(개발일정표!$H:$H,$A9,개발일정표!$H:$H,"<>삭제",개발일정표!$AA:$AA,"<>검수제외",개발일정표!$AC:$AC,"<="&$B$1) -> 0 | AA9: =COUNTIFS(개발일정표!$H:$H,$A9,개발일정표!$H:$H,"<>삭제",개발일정표!$AA:$AA,"<>검수제외",개발일정표!$AF:$AF,"=L3",개발일정표!$AE:$AE,"<="&$B$1)+COUNTIFS(개발일정표!$H:$H,$A9,개발일정표!$H:$H,"<>삭제",개발일정표!$AA:$AA,"<>검수제외",개발일정표!$AF:$AF,"=L1",개발일정표!$AG:$AG,"=Y",개발일정표!$AE:$AE,"<="&$B$1)+COUNTIFS(개발일정표!$H:$H,$A9,개발일정표!$H:$H,"<>삭제",개발일정표!$AA:$AA,"<>검수제외",개발일정표!$AF:$AF,"=L2",개발일정표!$AG:$AG,"=Y",개발일정표!$AE:$AE,"<="&$B$1) -> 0 | AB9: =COUNTIFS(개발일정표!$H:$H,$A9,개발일정표!$H:$H,"<>삭제",개발일정표!$AA:$AA,"<>검수제외",개발일정표!$AF:$AF,"=L2")-COUNTIFS(개발일정표!$H:$H,$A9,개발일정표!$H:$H,"<>삭제",개발일정표!$AA:$AA,"<>검수제외",개발일정표!$AF:$AF,"=L2",개발일정표!$AG:$AG,"=Y",개발일정표!$AE:$AE,"<="&$B$1) -> 0 | AC9: =Z9-(AA9+AB9) -> 0 | AD9: =COUNTIFS(개발일정표!$H:$H,$A9,개발일정표!$H:$H,"<>삭제",개발일정표!$AA:$AA,"<>검수제외",개발일정표!$AF:$AF,"=L1")-COUNTIFS(개발일정표!$H:$H,$A9,개발일정표!$H:$H,"<>삭제",개발일정표!$AA:$AA,"<>검수제외",개발일정표!$AF:$AF,"=L1",개발일정표!$AG:$AG,"=Y",개발일정표!$AE:$AE,"<="&$B$1) -> 0 | AE9: =IF(Z9=0, 0,(AA9+AB9)/Z9) -> 0 | AF9: =IF(Y9=0,0,(AA9+AB9)/Y9) -> 0 | AG9: =B9/I9 -> 1 | AH9: =I9/B9 -> 1
A10: 김민수Q | B10: =COUNTIFS(개발일정표!$H:$H,$A10,개발일정표!$H:$H,"<>삭제") -> 15 | C10: =COUNTIFS(개발일정표!$H:$H,$A10,개발일정표!$H:$H,"<>삭제",개발일정표!$J:$J,"<="&$B$1) -> 0 | D10: =COUNTIFS(개발일정표!$H:$H,$A10,개발일정표!$H:$H,"<>삭제",개발일정표!$L:$L,"<="&$B$1) -> 0 | E10: =C10-D10 -> 0 | F10: =COUNTIFS(개발일정표!$H:$H,$A10,개발일정표!$H:$H,"<>삭제",개발일정표!$J:$J,"="&$B$1) -> 0 | G10: =IF(C10=0,0,D10/C10) -> 0 | H10: =IF(B10=0,0,D10/B10) -> 0 | I10: =SUMIFS(개발일정표!$G:$G,개발일정표!$H:$H,$A10) -> 15 | J10: =COUNTIFS(개발일정표!$H:$H,$A10,개발일정표!$H:$H,"<>삭제",개발일정표!$M:$M,"<>검수제외",개발일정표!$O:$O,"<="&$B$1) -> 0 | K10: =COUNTIFS(개발일정표!$H:$H,$A10,개발일정표!$H:$H,"<>삭제",개발일정표!$M:$M,"<>검수제외",개발일정표!$R:$R,"=L3",개발일정표!$Q:$Q,"<="&$B$1)+COUNTIFS(개발일정표!$H:$H,$A10,개발일정표!$H:$H,"<>삭제",개발일정표!$M:$M,"<>검수제외",개발일정표!$R:$R,"=L1",개발일정표!$S:$S,"=Y",개발일정표!$Q:$Q,"<="&$B$1)+COUNTIFS(개발일정표!$H:$H,$A10,개발일정표!$H:$H,"<>삭제",개발일정표!$M:$M,"<>검수제외",개발일정표!$R:$R,"=L2",개발일정표!$S:$S,"=Y",개발일정표!$Q:$Q,"<="&$B$1) -> 0 | L10: =COUNTIFS(개발일정표!$H:$H,$A10,개발일정표!$H:$H,"<>삭제",개발일정표!$M:$M,"<>검수제외",개발일정표!$R:$R,"=L2")-COUNTIFS(개발일정표!$H:$H,$A10,개발일정표!$H:$H,"<>삭제",개발일정표!$M:$M,"<>검수제외",개발일정표!$R:$R,"=L2",개발일정표!$S:$S,"=Y",개발일정표!$Q:$Q,"<="&$B$1) -> 0 | M10: =J10-(K10+L10) -> 0 | N10: =COUNTIFS(개발일정표!$H:$H,$A10,개발일정표!$H:$H,"<>삭제",개발일정표!$M:$M,"<>검수제외",개발일정표!$R:$R,"=L1")-COUNTIFS(개발일정표!$H:$H,$A10,개발일정표!$H:$H,"<>삭제",개발일정표!$M:$M,"<>검수제외",개발일정표!$R:$R,"=L1",개발일정표!$S:$S,"=Y",개발일정표!$Q:$Q,"<="&$B$1) -> 0 | O10: =IF(J10=0, 0,(K10+L10)/J10) -> 0 | P10: =IF(B10=0,0,(K10+L10)/B10) -> 0 | Q10: =COUNTIFS(개발일정표!$H:$H,$A10,개발일정표!$H:$H,"<>삭제",개발일정표!$T:$T,"<>검수제외") -> 15 | R10: =COUNTIFS(개발일정표!$H:$H,$A10,개발일정표!$H:$H,"<>삭제",개발일정표!$T:$T,"<>검수제외",개발일정표!$V:$V,"<="&$B$1) -> 0 | S10: =COUNTIFS(개발일정표!$H:$H,$A10,개발일정표!$H:$H,"<>삭제",개발일정표!$T:$T,"<>검수제외",개발일정표!$Y:$Y,"=L3",개발일정표!$X:$X,"<="&$B$1)+COUNTIFS(개발일정표!$H:$H,$A10,개발일정표!$H:$H,"<>삭제",개발일정표!$T:$T,"<>검수제외",개발일정표!$Y:$Y,"=L1",개발일정표!$Z:$Z,"=Y",개발일정표!$X:$X,"<="&$B$1)+COUNTIFS(개발일정표!$H:$H,$A10,개발일정표!$H:$H,"<>삭제",개발일정표!$T:$T,"<>검수제외",개발일정표!$Y:$Y,"=L2",개발일정표!$Z:$Z,"=Y",개발일정표!$X:$X,"<="&$B$1) -> 0 | T10: =COUNTIFS(개발일정표!$H:$H,$A10,개발일정표!$H:$H,"<>삭제",개발일정표!$T:$T,"<>검수제외",개발일정표!$Y:$Y,"=L2")-COUNTIFS(개발일정표!$H:$H,$A10,개발일정표!$H:$H,"<>삭제",개발일정표!$T:$T,"<>검수제외",개발일정표!$Y:$Y,"=L2",개발일정표!$Z:$Z,"=Y",개발일정표!$X:$X,"<="&$B$1) -> 0 | U10: =R10-(S10+T10) -> 0 | V10: =COUNTIFS(개발일정표!$H:$H,$A10,개발일정표!$H:$H,"<>삭제",개발일정표!$T:$T,"<>검수제외",개발일정표!$Y:$Y,"=L1")-COUNTIFS(개발일정표!$H:$H,$A10,개발일정표!$H:$H,"<>삭제",개발일정표!$T:$T,"<>검수제외",개발일정표!$Y:$Y,"=L1",개발일정표!$Z:$Z,"=Y",개발일정표!$X:$X,"<="&$B$1) -> 0 | W10: =IF(R10=0, 0,(S10+T10)/R10) -> 0 | X10: =IF(Q10=0,0,(S10+T10)/Q10) -> 0 | Y10: =COUNTIFS(개발일정표!$H:$H,$A10,개발일정표!$H:$H,"<>삭제",개발일정표!$AA:$AA,"<>검수제외") -> 15 | Z10: =COUNTIFS(개발일정표!$H:$H,$A10,개발일정표!$H:$H,"<>삭제",개발일정표!$AA:$AA,"<>검수제외",개발일정표!$AC:$AC,"<="&$B$1) -> 0 | AA10: =COUNTIFS(개발일정표!$H:$H,$A10,개발일정표!$H:$H,"<>삭제",개발일정표!$AA:$AA,"<>검수제외",개발일정표!$AF:$AF,"=L3",개발일정표!$AE:$AE,"<="&$B$1)+COUNTIFS(개발일정표!$H:$H,$A10,개발일정표!$H:$H,"<>삭제",개발일정표!$AA:$AA,"<>검수제외",개발일정표!$AF:$AF,"=L1",개발일정표!$AG:$AG,"=Y",개발일정표!$AE:$AE,"<="&$B$1)+COUNTIFS(개발일정표!$H:$H,$A10,개발일정표!$H:$H,"<>삭제",개발일정표!$AA:$AA,"<>검수제외",개발일정표!$AF:$AF,"=L2",개발일정표!$AG:$AG,"=Y",개발일정표!$AE:$AE,"<="&$B$1) -> 0 | AB10: =COUNTIFS(개발일정표!$H:$H,$A10,개발일정표!$H:$H,"<>삭제",개발일정표!$AA:$AA,"<>검수제외",개발일정표!$AF:$AF,"=L2")-COUNTIFS(개발일정표!$H:$H,$A10,개발일정표!$H:$H,"<>삭제",개발일정표!$AA:$AA,"<>검수제외",개발일정표!$AF:$AF,"=L2",개발일정표!$AG:$AG,"=Y",개발일정표!$AE:$AE,"<="&$B$1) -> 0 | AC10: =Z10-(AA10+AB10) -> 0 | AD10: =COUNTIFS(개발일정표!$H:$H,$A10,개발일정표!$H:$H,"<>삭제",개발일정표!$AA:$AA,"<>검수제외",개발일정표!$AF:$AF,"=L1")-COUNTIFS(개발일정표!$H:$H,$A10,개발일정표!$H:$H,"<>삭제",개발일정표!$AA:$AA,"<>검수제외",개발일정표!$AF:$AF,"=L1",개발일정표!$AG:$AG,"=Y",개발일정표!$AE:$AE,"<="&$B$1) -> 0 | AE10: =IF(Z10=0, 0,(AA10+AB10)/Z10) -> 0 | AF10: =IF(Y10=0,0,(AA10+AB10)/Y10) -> 0 | AG10: =B10/I10 -> 1 | AH10: =I10/B10 -> 1
A11: 이성국Q | B11: =COUNTIFS(개발일정표!$H:$H,$A11,개발일정표!$H:$H,"<>삭제") -> 12 | C11: =COUNTIFS(개발일정표!$H:$H,$A11,개발일정표!$H:$H,"<>삭제",개발일정표!$J:$J,"<="&$B$1) -> 0 | D11: =COUNTIFS(개발일정표!$H:$H,$A11,개발일정표!$H:$H,"<>삭제",개발일정표!$L:$L,"<="&$B$1) -> 0 | E11: =C11-D11 -> 0 | F11: =COUNTIFS(개발일정표!$H:$H,$A11,개발일정표!$H:$H,"<>삭제",개발일정표!$J:$J,"="&$B$1) -> 0 | G11: =IF(C11=0,0,D11/C11) -> 0 | H11: =IF(B11=0,0,D11/B11) -> 0 | I11: =SUMIFS(개발일정표!$G:$G,개발일정표!$H:$H,$A11) -> 12 | J11: =COUNTIFS(개발일정표!$H:$H,$A11,개발일정표!$H:$H,"<>삭제",개발일정표!$M:$M,"<>검수제외",개발일정표!$O:$O,"<="&$B$1) -> 0 | K11: =COUNTIFS(개발일정표!$H:$H,$A11,개발일정표!$H:$H,"<>삭제",개발일정표!$M:$M,"<>검수제외",개발일정표!$R:$R,"=L3",개발일정표!$Q:$Q,"<="&$B$1)+COUNTIFS(개발일정표!$H:$H,$A11,개발일정표!$H:$H,"<>삭제",개발일정표!$M:$M,"<>검수제외",개발일정표!$R:$R,"=L1",개발일정표!$S:$S,"=Y",개발일정표!$Q:$Q,"<="&$B$1)+COUNTIFS(개발일정표!$H:$H,$A11,개발일정표!$H:$H,"<>삭제",개발일정표!$M:$M,"<>검수제외",개발일정표!$R:$R,"=L2",개발일정표!$S:$S,"=Y",개발일정표!$Q:$Q,"<="&$B$1) -> 0 | L11: =COUNTIFS(개발일정표!$H:$H,$A11,개발일정표!$H:$H,"<>삭제",개발일정표!$M:$M,"<>검수제외",개발일정표!$R:$R,"=L2")-COUNTIFS(개발일정표!$H:$H,$A11,개발일정표!$H:$H,"<>삭제",개발일정표!$M:$M,"<>검수제외",개발일정표!$R:$R,"=L2",개발일정표!$S:$S,"=Y",개발일정표!$Q:$Q,"<="&$B$1) -> 0 | M11: =J11-(K11+L11) -> 0 | N11: =COUNTIFS(개발일정표!$H:$H,$A11,개발일정표!$H:$H,"<>삭제",개발일정표!$M:$M,"<>검수제외",개발일정표!$R:$R,"=L1")-COUNTIFS(개발일정표!$H:$H,$A11,개발일정표!$H:$H,"<>삭제",개발일정표!$M:$M,"<>검수제외",개발일정표!$R:$R,"=L1",개발일정표!$S:$S,"=Y",개발일정표!$Q:$Q,"<="&$B$1) -> 0 | O11: =IF(J11=0, 0,(K11+L11)/J11) -> 0 | P11: =IF(B11=0,0,(K11+L11)/B11) -> 0 | Q11: =COUNTIFS(개발일정표!$H:$H,$A11,개발일정표!$H:$H,"<>삭제",개발일정표!$T:$T,"<>검수제외") -> 12 | R11: =COUNTIFS(개발일정표!$H:$H,$A11,개발일정표!$H:$H,"<>삭제",개발일정표!$T:$T,"<>검수제외",개발일정표!$V:$V,"<="&$B$1) -> 0 | S11: =COUNTIFS(개발일정표!$H:$H,$A11,개발일정표!$H:$H,"<>삭제",개발일정표!$T:$T,"<>검수제외",개발일정표!$Y:$Y,"=L3",개발일정표!$X:$X,"<="&$B$1)+COUNTIFS(개발일정표!$H:$H,$A11,개발일정표!$H:$H,"<>삭제",개발일정표!$T:$T,"<>검수제외",개발일정표!$Y:$Y,"=L1",개발일정표!$Z:$Z,"=Y",개발일정표!$X:$X,"<="&$B$1)+COUNTIFS(개발일정표!$H:$H,$A11,개발일정표!$H:$H,"<>삭제",개발일정표!$T:$T,"<>검수제외",개발일정표!$Y:$Y,"=L2",개발일정표!$Z:$Z,"=Y",개발일정표!$X:$X,"<="&$B$1) -> 0 | T11: =COUNTIFS(개발일정표!$H:$H,$A11,개발일정표!$H:$H,"<>삭제",개발일정표!$T:$T,"<>검수제외",개발일정표!$Y:$Y,"=L2")-COUNTIFS(개발일정표!$H:$H,$A11,개발일정표!$H:$H,"<>삭제",개발일정표!$T:$T,"<>검수제외",개발일정표!$Y:$Y,"=L2",개발일정표!$Z:$Z,"=Y",개발일정표!$X:$X,"<="&$B$1) -> 0 | U11: =R11-(S11+T11) -> 0 | V11: =COUNTIFS(개발일정표!$H:$H,$A11,개발일정표!$H:$H,"<>삭제",개발일정표!$T:$T,"<>검수제외",개발일정표!$Y:$Y,"=L1")-COUNTIFS(개발일정표!$H:$H,$A11,개발일정표!$H:$H,"<>삭제",개발일정표!$T:$T,"<>검수제외",개발일정표!$Y:$Y,"=L1",개발일정표!$Z:$Z,"=Y",개발일정표!$X:$X,"<="&$B$1) -> 0 | W11: =IF(R11=0, 0,(S11+T11)/R11) -> 0 | X11: =IF(Q11=0,0,(S11+T11)/Q11) -> 0 | Y11: =COUNTIFS(개발일정표!$H:$H,$A11,개발일정표!$H:$H,"<>삭제",개발일정표!$AA:$AA,"<>검수제외") -> 12 | Z11: =COUNTIFS(개발일정표!$H:$H,$A11,개발일정표!$H:$H,"<>삭제",개발일정표!$AA:$AA,"<>검수제외",개발일정표!$AC:$AC,"<="&$B$1) -> 0 | AA11: =COUNTIFS(개발일정표!$H:$H,$A11,개발일정표!$H:$H,"<>삭제",개발일정표!$AA:$AA,"<>검수제외",개발일정표!$AF:$AF,"=L3",개발일정표!$AE:$AE,"<="&$B$1)+COUNTIFS(개발일정표!$H:$H,$A11,개발일정표!$H:$H,"<>삭제",개발일정표!$AA:$AA,"<>검수제외",개발일정표!$AF:$AF,"=L1",개발일정표!$AG:$AG,"=Y",개발일정표!$AE:$AE,"<="&$B$1)+COUNTIFS(개발일정표!$H:$H,$A11,개발일정표!$H:$H,"<>삭제",개발일정표!$AA:$AA,"<>검수제외",개발일정표!$AF:$AF,"=L2",개발일정표!$AG:$AG,"=Y",개발일정표!$AE:$AE,"<="&$B$1) -> 0 | AB11: =COUNTIFS(개발일정표!$H:$H,$A11,개발일정표!$H:$H,"<>삭제",개발일정표!$AA:$AA,"<>검수제외",개발일정표!$AF:$AF,"=L2")-COUNTIFS(개발일정표!$H:$H,$A11,개발일정표!$H:$H,"<>삭제",개발일정표!$AA:$AA,"<>검수제외",개발일정표!$AF:$AF,"=L2",개발일정표!$AG:$AG,"=Y",개발일정표!$AE:$AE,"<="&$B$1) -> 0 | AC11: =Z11-(AA11+AB11) -> 0 | AD11: =COUNTIFS(개발일정표!$H:$H,$A11,개발일정표!$H:$H,"<>삭제",개발일정표!$AA:$AA,"<>검수제외",개발일정표!$AF:$AF,"=L1")-COUNTIFS(개발일정표!$H:$H,$A11,개발일정표!$H:$H,"<>삭제",개발일정표!$AA:$AA,"<>검수제외",개발일정표!$AF:$AF,"=L1",개발일정표!$AG:$AG,"=Y",개발일정표!$AE:$AE,"<="&$B$1) -> 0 | AE11: =IF(Z11=0, 0,(AA11+AB11)/Z11) -> 0 | AF11: =IF(Y11=0,0,(AA11+AB11)/Y11) -> 0 | AG11: =B11/I11 -> 1 | AH11: =I11/B11 -> 1
A12: 합계 | B12: =SUM(B5:B11) -> 143 | C12: =SUM(C5:C11) -> 18 | D12: =SUM(D5:D11) -> 9 | E12: =SUM(E5:E11) -> 9 | F12: =SUM(F5:F11) -> 2 | G12: =IF(C12=0,0,D12/C12) -> 0.5 | H12: =IF(B12=0,0,D12/B12) -> 0.062937063 | I12: =SUM(I5:I11) -> 167 | J12: =SUM(J5:J11) -> 0 | K12: =SUM(K5:K11) -> 0 | L12: =SUM(L5:L11) -> 0 | M12: =SUM(M5:M11) -> 0 | N12: =SUM(N5:N11) -> 0 | O12: =IF(J12=0, 0,(K12+L12)/J12) -> 0 | P12: =IF(B12=0,0,(K12+L12)/B12) -> 0 | Q12: =SUM(Q5:Q11) -> 143 | R12: =SUM(R5:R11) -> 0 | S12: =SUM(S5:S11) -> 0 | T12: =SUM(T5:T11) -> 0 | U12: =SUM(U5:U11) -> 0 | V12: =SUM(V5:V11) -> 0 | W12: =IF(R12=0, 0,(S12+T12)/R12) -> 0 | X12: =IF(Q12=0,0,(S12+T12)/Q12) -> 0 | Y12: =SUM(Y5:Y11) -> 143 | Z12: =SUM(Z5:Z11) -> 0 | AA12: =SUM(AA5:AA11) -> 0 | AB12: =SUM(AB5:AB11) -> 0 | AC12: =SUM(AC5:AC11) -> 0 | AD12: =SUM(AD5:AD11) -> 0 | AE12: =IF(Z12=0,0,(AA12+AB12)/Z12) -> 0 | AF12: =IF(Y12=0,0,(AA12+AB12)/Y12) -> 0
A14: ◈ PL검수 진척현황 | B14: =개발진척현황!C1 -> 2017.03.02
A15: PL담당 | B15: 총 본수 | C15: PL 검수
C16: 계획 | D16: 실적 | E16: 지연 | F16: 당일계획 | G16: 달성률 | H16: 완료율 | I16: 결함(L1)
B18: =COUNTIFS(개발일정표!$M:$M,$A18,개발일정표!$H:$H,"<>삭제",개발일정표!$M:$M,"<>검수제외") -> 0 | C18: =COUNTIFS(개발일정표!$M:$M,$A18,개발일정표!$H:$H,"<>삭제",개발일정표!$M:$M,"<>검수제외",개발일정표!$O:$O,"<="&$B$14) -> 0 | D18: =COUNTIFS(개발일정표!$M:$M,$A18,개발일정표!$H:$H,"<>삭제",개발일정표!$M:$M,"<>검수제외",개발일정표!$R:$R,"=L3")+COUNTIFS(개발일정표!$M:$M,$A18,개발일정표!$H:$H,"<>삭제",개발일정표!$M:$M,"<>검수제외",개발일정표!$R:$R,"=L2")+COUNTIFS(개발일정표!$M:$M,$A18,개발일정표!$H:$H,"<>삭제",개발일정표!$M:$M,"<>검수제외",개발일정표!$R:$R,"=L1",개발일정표!$S:$S,"=Y",개발일정표!$Q:$Q,"<="&$B$14) -> 0 | E18: =C18-D18 -> 0 | F18: =COUNTIFS(개발일정표!$H:$H,$A18,개발일정표!$H:$H,"<>삭제",개발일정표!$J:$J,"="&$B$1) -> 0 | G18: =IF(C18=0,0,D18/C18) -> 0 | H18: =IF(B18=0,0,D18/B18) -> 0 | I18: =COUNTIFS(개발일정표!$M:$M,$A18,개발일정표!$H:$H,"<>삭제",개발일정표!$M:$M,"<>검수제외",개발일정표!$R:$R,"=L1",개발일정표!$S:$S,"<>Y") -> 0
B19: =COUNTIFS(개발일정표!$A:$A,#REF!,개발일정표!$M:$M,$A19,개발일정표!$H:$H,"<>삭제",개발일정표!$M:$M,"<>검수제외") -> 0 | C19: =COUNTIFS(개발일정표!$A:$A,#REF!,개발일정표!$M:$M,$A19,개발일정표!$H:$H,"<>삭제",개발일정표!$M:$M,"<>검수제외",개발일정표!$O:$O,"<="&$B$14) -> 0 | D19: =COUNTIFS(개발일정표!$A:$A,#REF!,개발일정표!$M:$M,$A19,개발일정표!$H:$H,"<>삭제",개발일정표!$M:$M,"<>검수제외",개발일정표!$R:$R,"=L3")+COUNTIFS(개발일정표!$A:$A,#REF!,개발일정표!$M:$M,$A19,개발일정표!$H:$H,"<>삭제",개발일정표!$M:$M,"<>검수제외",개발일정표!$R:$R,"=L2")+COUNTIFS(개발일정표!$A:$A,#REF!,개발일정표!$M:$M,$A19,개발일정표!$H:$H,"<>삭제",개발일정표!$M:$M,"<>검수제외",개발일정표!$R:$R,"=L1",개발일정표!$S:$S,"=Y",개발일정표!$Q:$Q,"<="&$B$14) -> 0 | E19: =C19-D19 -> 0 | F19: =COUNTIFS(개발일정표!$H:$H,$A19,개발일정표!$H:$H,"<>삭제",개발일정표!$J:$J,"="&$B$1) -> 0 | G19: =IF(C19=0,0,D19/C19) -> 0 | H19: =IF(B19=0,0,D19/B19) -> 0 | I19: =COUNTIFS(개발일정표!$A:$A,#REF!,개발일정표!$M:$M,$A19,개발일정표!$H:$H,"<>삭제",개발일정표!$M:$M,"<>검수제외",개발일정표!$R:$R,"=L1",개발일정표!$S:$S,"<>Y") -> 0
B20: =COUNTIFS(개발일정표!$A:$A,#REF!,개발일정표!$M:$M,$A20,개발일정표!$H:$H,"<>삭제",개발일정표!$M:$M,"<>검수제외") -> 0 | C20: =COUNTIFS(개발일정표!$A:$A,#REF!,개발일정표!$M:$M,$A20,개발일정표!$H:$H,"<>삭제",개발일정표!$M:$M,"<>검수제외",개발일정표!$O:$O,"<="&$B$14) -> 0 | D20: =COUNTIFS(개발일정표!$A:$A,#REF!,개발일정표!$M:$M,$A20,개발일정표!$H:$H,"<>삭제",개발일정표!$M:$M,"<>검수제외",개발일정표!$R:$R,"=L3")+COUNTIFS(개발일정표!$A:$A,#REF!,개발일정표!$M:$M,$A20,개발일정표!$H:$H,"<>삭제",개발일정표!$M:$M,"<>검수제외",개발일정표!$R:$R,"=L2")+COUNTIFS(개발일정표!$A:$A,#REF!,개발일정표!$M:$M,$A20,개발일정표!$H:$H,"<>삭제",개발일정표!$M:$M,"<>검수제외",개발일정표!$R:$R,"=L1",개발일정표!$S:$S,"=Y",개발일정표!$Q:$Q,"<="&$B$14) -> 0 | E20: =C20-D20 -> 0 | F20: =COUNTIFS(개발일정표!$H:$H,$A20,개발일정표!$H:$H,"<>삭제",개발일정표!$J:$J,"="&$B$1) -> 0 | G20: =IF(C20=0,0,D20/C20) -> 0 | H20: =IF(B20=0,0,D20/B20) -> 0 | I20: =COUNTIFS(개발일정표!$A:$A,#REF!,개발일정표!$M:$M,$A20,개발일정표!$H:$H,"<>삭제",개발일정표!$M:$M,"<>검수제외",개발일정표!$R:$R,"=L1",개발일정표!$S:$S,"<>Y") -> 0
B21: =COUNTIFS(개발일정표!$A:$A,#REF!,개발일정표!$M:$M,$A21,개발일정표!$H:$H,"<>삭제",개발일정표!$M:$M,"<>검수제외") -> 0 | C21: =COUNTIFS(개발일정표!$A:$A,#REF!,개발일정표!$M:$M,$A21,개발일정표!$H:$H,"<>삭제",개발일정표!$M:$M,"<>검수제외",개발일정표!$O:$O,"<="&$B$14) -> 0 | D21: =COUNTIFS(개발일정표!$A:$A,#REF!,개발일정표!$M:$M,$A21,개발일정표!$H:$H,"<>삭제",개발일정표!$M:$M,"<>검수제외",개발일정표!$R:$R,"=L3")+COUNTIFS(개발일정표!$A:$A,#REF!,개발일정표!$M:$M,$A21,개발일정표!$H:$H,"<>삭제",개발일정표!$M:$M,"<>검수제외",개발일정표!$R:$R,"=L2")+COUNTIFS(개발일정표!$A:$A,#REF!,개발일정표!$M:$M,$A21,개발일정표!$H:$H,"<>삭제",개발일정표!$M:$M,"<>검수제외",개발일정표!$R:$R,"=L1",개발일정표!$S:$S,"=Y",개발일정표!$Q:$Q,"<="&$B$14) -> 0 | E21: =C21-D21 -> 0 | F21: =COUNTIFS(개발일정표!$H:$H,$A21,개발일정표!$H:$H,"<>삭제",개발일정표!$J:$J,"="&$B$1) -> 0 | G21: =IF(C21=0,0,D21/C21) -> 0 | H21: =IF(B21=0,0,D21/B21) -> 0 | I21: =COUNTIFS(개발일정표!$A:$A,#REF!,개발일정표!$M:$M,$A21,개발일정표!$H:$H,"<>삭제",개발일정표!$M:$M,"<>검수제외",개발일정표!$R:$R,"=L1",개발일정표!$S:$S,"<>Y") -> 0
A22: 합계 | B22: =SUM(B16:B21) -> 0 | C22: =SUM(C16:C21) -> 0 | D22: =SUM(D16:D21) -> 0 | E22: =SUM(E16:E21) -> 0 | F22: =SUM(F16:F21) -> 0 | G22: =IF(C22=0,0,D22/C22) -> 0 | H22: =IF(B22=0,0,D22/B22) -> 0 | I22: =SUM(I16:I21) -> 0
A24: ◈ IT검수 진척현황 | B24: =개발진척현황!C1 -> 2017.03.02
A25: IT담당 | B25: 총 본수 | C25: IT 검수
C26: 계획 | D26: 실적 | E26: 지연 | F26: 당일계획 | G26: 달성률 | H26: 완료율 | I26: 결함(L1)
B28: =COUNTIFS(개발일정표!$T:$T,$A28,개발일정표!$H:$H,"<>삭제",개발일정표!$T:$T,"<>검수제외") -> 0 | C28: =COUNTIFS(개발일정표!$T:$T,$A28,개발일정표!$H:$H,"<>삭제",개발일정표!$T:$T,"<>검수제외",개발일정표!$V:$V,"<="&$B$24) -> 0 | D28: =COUNTIFS(개발일정표!$T:$T,$A28,개발일정표!$H:$H,"<>삭제",개발일정표!$T:$T,"<>검수제외",개발일정표!$Y:$Y,"=L3")+COUNTIFS(개발일정표!$T:$T,$A28,개발일정표!$H:$H,"<>삭제",개발일정표!$T:$T,"<>검수제외",개발일정표!$Y:$Y,"=L2")+COUNTIFS(개발일정표!$T:$T,$A28,개발일정표!$H:$H,"<>삭제",개발일정표!$T:$T,"<>검수제외",개발일정표!$Y:$Y,"=L1",개발일정표!$Z:$Z,"=Y",개발일정표!$X:$X,"<="&$B$24) -> 0 | E28: =C28-D28 -> 0 | F28: =COUNTIFS(개발일정표!$H:$H,$A28,개발일정표!$H:$H,"<>삭제",개발일정표!$J:$J,"="&$B$1) -> 0 | G28: =IF(C28=0,0,D28/C28) -> 0 | H28: =IF(B28=0,0,D28/B28) -> 0 | I28: =COUNTIFS(개발일정표!$T:$T,$A28,개발일정표!$H:$H,"<>삭제",개발일정표!$T:$T,"<>검수제외",개발일정표!$Y:$Y,"=L1",개발일정표!$Z:$Z,"<>Y") -> 0
B29: =COUNTIFS(개발일정표!$T:$T,$A29,개발일정표!$H:$H,"<>삭제",개발일정표!$T:$T,"<>검수제외") -> 0 | C29: =COUNTIFS(개발일정표!$T:$T,$A29,개발일정표!$H:$H,"<>삭제",개발일정표!$T:$T,"<>검수제외",개발일정표!$V:$V,"<="&$B$24) -> 0 | D29: =COUNTIFS(개발일정표!$T:$T,$A29,개발일정표!$H:$H,"<>삭제",개발일정표!$T:$T,"<>검수제외",개발일정표!$Y:$Y,"=L3")+COUNTIFS(개발일정표!$T:$T,$A29,개발일정표!$H:$H,"<>삭제",개발일정표!$T:$T,"<>검수제외",개발일정표!$Y:$Y,"=L2")+COUNTIFS(개발일정표!$T:$T,$A29,개발일정표!$H:$H,"<>삭제",개발일정표!$T:$T,"<>검수제외",개발일정표!$Y:$Y,"=L1",개발일정표!$Z:$Z,"=Y",개발일정표!$X:$X,"<="&$B$24) -> 0 | E29: =C29-D29 -> 0 | F29: =COUNTIFS(개발일정표!$H:$H,$A29,개발일정표!$H:$H,"<>삭제",개발일정표!$J:$J,"="&$B$1) -> 0 | G29: =IF(C29=0,0,D29/C29) -> 0 | H29: =IF(B29=0,0,D29/B29) -> 0 | I29: =COUNTIFS(개발일정표!$T:$T,$A29,개발일정표!$H:$H,"<>삭제",개발일정표!$T:$T,"<>검수제외",개발일정표!$Y:$Y,"=L1",개발일정표!$Z:$Z,"<>Y") -> 0
B30: =COUNTIFS(개발일정표!$T:$T,$A30,개발일정표!$H:$H,"<>삭제",개발일정표!$T:$T,"<>검수제외") -> 0 | C30: =COUNTIFS(개발일정표!$A:$A,#REF!,개발일정표!$T:$T,$A30,개발일정표!$H:$H,"<>삭제",개발일정표!$T:$T,"<>검수제외",개발일정표!$V:$V,"<="&$B$24) -> 0 | D30: =COUNTIFS(개발일정표!$A:$A,#REF!,개발일정표!$T:$T,$A30,개발일정표!$H:$H,"<>삭제",개발일정표!$T:$T,"<>검수제외",개발일정표!$Y:$Y,"=L3")+COUNTIFS(개발일정표!$A:$A,#REF!,개발일정표!$T:$T,$A30,개발일정표!$H:$H,"<>삭제",개발일정표!$T:$T,"<>검수제외",개발일정표!$Y:$Y,"=L2")+COUNTIFS(개발일정표!$A:$A,#REF!,개발일정표!$T:$T,$A30,개발일정표!$H:$H,"<>삭제",개발일정표!$T:$T,"<>검수제외",개발일정표!$Y:$Y,"=L1",개발일정표!$Z:$Z,"=Y",개발일정표!$X:$X,"<="&$B$24) -> 0 | E30: =C30-D30 -> 0 | F30: =COUNTIFS(개발일정표!$H:$H,$A30,개발일정표!$H:$H,"<>삭제",개발일정표!$J:$J,"="&$B$1) -> 0 | G30: =IF(C30=0,0,D30/C30) -> 0 | H30: =IF(B30=0,0,D30/B30) -> 0 | I30: =COUNTIFS(개발일정표!$A:$A,#REF!,개발일정표!$T:$T,$A30,개발일정표!$H:$H,"<>삭제",개발일정표!$T:$T,"<>검수제외",개발일정표!$Y:$Y,"=L1",개발일정표!$Z:$Z,"<>Y") -> 0
B31: =COUNTIFS(개발일정표!$T:$T,$A31,개발일정표!$H:$H,"<>삭제",개발일정표!$T:$T,"<>검수제외") -> 0 | C31: =COUNTIFS(개발일정표!$A:$A,#REF!,개발일정표!$T:$T,$A31,개발일정표!$H:$H,"<>삭제",개발일정표!$T:$T,"<>검수제외",개발일정표!$V:$V,"<="&$B$24) -> 0 | D31: =COUNTIFS(개발일정표!$A:$A,#REF!,개발일정표!$T:$T,$A31,개발일정표!$H:$H,"<>삭제",개발일정표!$T:$T,"<>검수제외",개발일정표!$Y:$Y,"=L3")+COUNTIFS(개발일정표!$A:$A,#REF!,개발일정표!$T:$T,$A31,개발일정표!$H:$H,"<>삭제",개발일정표!$T:$T,"<>검수제외",개발일정표!$Y:$Y,"=L2")+COUNTIFS(개발일정표!$A:$A,#REF!,개발일정표!$T:$T,$A31,개발일정표!$H:$H,"<>삭제",개발일정표!$T:$T,"<>검수제외",개발일정표!$Y:$Y,"=L1",개발일정표!$Z:$Z,"=Y",개발일정표!$X:$X,"<="&$B$24) -> 0 | E31: =C31-D31 -> 0 | F31: =COUNTIFS(개발일정표!$H:$H,$A31,개발일정표!$H:$H,"<>삭제",개발일정표!$J:$J,"="&$B$1) -> 0 | G31: =IF(C31=0,0,D31/C31) -> 0 | H31: =IF(B31=0,0,D31/B31) -> 0 | I31: =COUNTIFS(개발일정표!$A:$A,#REF!,개발일정표!$T:$T,$A31,개발일정표!$H:$H,"<>삭제",개발일정표!$T:$T,"<>검수제외",개발일정표!$Y:$Y,"=L1",개발일정표!$Z:$Z,"<>Y") -> 0
A32: 합계 | B32: =SUM(B26:B31) -> 0 | C32: =SUM(C26:C31) -> 0 | D32: =SUM(D26:D31) -> 0 | E32: =SUM(E26:E31) -> 0 | F32: =SUM(F26:F31) -> 0 | G32: =IF(C32=0,0,D32/C32) -> 0 | H32: =IF(B32=0,0,D32/B32) -> 0 | I32: =SUM(I26:I31) -> 0
A34: ◈ TFT검수 진척현황 | B34: =개발진척현황!C1 -> 2017.03.02
A35: TFT담당 | B35: 총 본수 | C35: TFT 검수
C36: 계획 | D36: 실적 | E36: 지연 | F36: 당일계획 | G36: 달성률 | H36: 완료율 | I36: 결함(L1)
B38: =COUNTIFS(개발일정표!$AA:$AA,$A38,개발일정표!$H:$H,"<>삭제",개발일정표!$AA:$AA,"<>검수제외") -> 0 | C38: =COUNTIFS(개발일정표!$AA:$AA,$A38,개발일정표!$H:$H,"<>삭제",개발일정표!$AA:$AA,"<>검수제외",개발일정표!$AC:$AC,"<="&$B$34) -> 0 | D38: =COUNTIFS(개발일정표!$AA:$AA,$A38,개발일정표!$H:$H,"<>삭제",개발일정표!$AA:$AA,"<>검수제외",개발일정표!$AF:$AF,"=L3")+COUNTIFS(개발일정표!$AA:$AA,$A38,개발일정표!$H:$H,"<>삭제",개발일정표!$AA:$AA,"<>검수제외",개발일정표!$AF:$AF,"=L2")+COUNTIFS(개발일정표!$AA:$AA,$A38,개발일정표!$H:$H,"<>삭제",개발일정표!$AA:$AA,"<>검수제외",개발일정표!$AF:$AF,"=L1",개발일정표!$AG:$AG,"=Y",개발일정표!$AE:$AE,"<="&$B$34) -> 0 | E38: =C38-D38 -> 0 | F38: =COUNTIFS(개발일정표!$H:$H,$A38,개발일정표!$H:$H,"<>삭제",개발일정표!$J:$J,"="&$B$1) -> 0 | G38: =IF(C38=0,0,D38/C38) -> 0 | H38: =IF(B38=0,0,D38/B38) -> 0 | I38: =COUNTIFS(개발일정표!$AA:$AA,$A38,개발일정표!$H:$H,"<>삭제",개발일정표!$AA:$AA,"<>검수제외",개발일정표!$AF:$AF,"=L1",개발일정표!$AG:$AG,"<>Y") -> 0
B39: =COUNTIFS(개발일정표!$AA:$AA,$A39,개발일정표!$H:$H,"<>삭제",개발일정표!$AA:$AA,"<>검수제외") -> 0 | C39: =COUNTIFS(개발일정표!$A:$A,#REF!,개발일정표!$AA:$AA,$A39,개발일정표!$H:$H,"<>삭제",개발일정표!$AA:$AA,"<>검수제외",개발일정표!$AC:$AC,"<="&$B$34) -> 0 | D39: =COUNTIFS(개발일정표!$A:$A,#REF!,개발일정표!$AA:$AA,$A39,개발일정표!$H:$H,"<>삭제",개발일정표!$AA:$AA,"<>검수제외",개발일정표!$AF:$AF,"=L3")+COUNTIFS(개발일정표!$A:$A,#REF!,개발일정표!$AA:$AA,$A39,개발일정표!$H:$H,"<>삭제",개발일정표!$AA:$AA,"<>검수제외",개발일정표!$AF:$AF,"=L2")+COUNTIFS(개발일정표!$A:$A,#REF!,개발일정표!$AA:$AA,$A39,개발일정표!$H:$H,"<>삭제",개발일정표!$AA:$AA,"<>검수제외",개발일정표!$AF:$AF,"=L1",개발일정표!$AG:$AG,"=Y",개발일정표!$AE:$AE,"<="&$B$34) -> 0 | E39: =C39-D39 -> 0 | F39: =COUNTIFS(개발일정표!$H:$H,$A39,개발일정표!$H:$H,"<>삭제",개발일정표!$J:$J,"="&$B$1) -> 0 | G39: =IF(C39=0,0,D39/C39) -> 0 | H39: =IF(B39=0,0,D39/B39) -> 0 | I39: =COUNTIFS(개발일정표!$A:$A,#REF!,개발일정표!$AA:$AA,$A39,개발일정표!$H:$H,"<>삭제",개발일정표!$AA:$AA,"<>검수제외",개발일정표!$AF:$AF,"=L1",개발일정표!$AG:$AG,"<>Y") -> 0
B40: =COUNTIFS(개발일정표!$AA:$AA,$A40,개발일정표!$H:$H,"<>삭제",개발일정표!$AA:$AA,"<>검수제외") -> 0 | C40: =COUNTIFS(개발일정표!$A:$A,#REF!,개발일정표!$AA:$AA,$A40,개발일정표!$H:$H,"<>삭제",개발일정표!$AA:$AA,"<>검수제외",개발일정표!$AC:$AC,"<="&$B$34) -> 0 | D40: =COUNTIFS(개발일정표!$A:$A,#REF!,개발일정표!$AA:$AA,$A40,개발일정표!$H:$H,"<>삭제",개발일정표!$AA:$AA,"<>검수제외",개발일정표!$AF:$AF,"=L3")+COUNTIFS(개발일정표!$A:$A,#REF!,개발일정표!$AA:$AA,$A40,개발일정표!$H:$H,"<>삭제",개발일정표!$AA:$AA,"<>검수제외",개발일정표!$AF:$AF,"=L2")+COUNTIFS(개발일정표!$A:$A,#REF!,개발일정표!$AA:$AA,$A40,개발일정표!$H:$H,"<>삭제",개발일정표!$AA:$AA,"<>검수제외",개발일정표!$AF:$AF,"=L1",개발일정표!$AG:$AG,"=Y",개발일정표!$AE:$AE,"<="&$B$34) -> 0 | E40: =C40-D40 -> 0 | F40: =COUNTIFS(개발일정표!$H:$H,$A40,개발일정표!$H:$H,"<>삭제",개발일정표!$J:$J,"="&$B$1) -> 0 | G40: =IF(C40=0,0,D40/C40) -> 0 | H40: =IF(B40=0,0,D40/B40) -> 0 | I40: =COUNTIFS(개발일정표!$A:$A,#REF!,개발일정표!$AA:$AA,$A40,개발일정표!$H:$H,"<>삭제",개발일정표!$AA:$AA,"<>검수제외",개발일정표!$AF:$AF,"=L1",개발일정표!$AG:$AG,"<>Y") -> 0
B41: =COUNTIFS(개발일정표!$AA:$AA,$A41,개발일정표!$H:$H,"<>삭제",개발일정표!$AA:$AA,"<>검수제외") -> 0 | C41: =COUNTIFS(개발일정표!$A:$A,#REF!,개발일정표!$AA:$AA,$A41,개발일정표!$H:$H,"<>삭제",개발일정표!$AA:$AA,"<>검수제외",개발일정표!$AC:$AC,"<="&$B$34) -> 0 | D41: =COUNTIFS(개발일정표!$A:$A,#REF!,개발일정표!$AA:$AA,$A41,개발일정표!$H:$H,"<>삭제",개발일정표!$AA:$AA,"<>검수제외",개발일정표!$AF:$AF,"=L3")+COUNTIFS(개발일정표!$A:$A,#REF!,개발일정표!$AA:$AA,$A41,개발일정표!$H:$H,"<>삭제",개발일정표!$AA:$AA,"<>검수제외",개발일정표!$AF:$AF,"=L2")+COUNTIFS(개발일정표!$A:$A,#REF!,개발일정표!$AA:$AA,$A41,개발일정표!$H:$H,"<>삭제",개발일정표!$AA:$AA,"<>검수제외",개발일정표!$AF:$AF,"=L1",개발일정표!$AG:$AG,"=Y",개발일정표!$AE:$AE,"<="&$B$34) -> 0 | E41: =C41-D41 -> 0 | F41: =COUNTIFS(개발일정표!$H:$H,$A41,개발일정표!$H:$H,"<>삭제",개발일정표!$J:$J,"="&$B$1) -> 0 | G41: =IF(C41=0,0,D41/C41) -> 0 | H41: =IF(B41=0,0,D41/B41) -> 0 | I41: =COUNTIFS(개발일정표!$A:$A,#REF!,개발일정표!$AA:$AA,$A41,개발일정표!$H:$H,"<>삭제",개발일정표!$AA:$AA,"<>검수제외",개발일정표!$AF:$AF,"=L1",개발일정표!$AG:$AG,"<>Y") -> 0
A42: 합계 | B42: =SUM(B36:B41) -> 0 | C42: =SUM(C36:C41) -> 0 | D42: =SUM(D36:D41) -> 0 | E42: =SUM(E36:E41) -> 0 | F42: =SUM(F36:F41) -> 0 | G42: =IF(C42=0,0,D42/C42) -> 0 | H42: =IF(B42=0,0,D42/B42) -> 0 | I42: =SUM(I36:I41) -> 0

Sheet 결함조치현황
A1: ◈결함조치 현황 | C1: =개발진척현황!C1 -> 2017.03.02 | I1: (건수 : 프로그램 본수)
A2: 업무구분 | B2: 결함수준 | C2: PL검수 | F2: IT검수 | I2: TFT검수
C3: 결함 | D3: 조치 | E3: 조치율 | F3: 결함 | G3: 조치 | H3: 조치율 | I3: 결함 | J3: 조치 | K3: 조치율
A4: 마스터 | B4: L1 | C4: =COUNTIFS(개발일정표!$A:$A,$A$4,개발일정표!$H:$H,"<>삭제",개발일정표!$M:$M,"<>검수제외",개발일정표!$R:$R,"=L1") -> 0 | D4: =COUNTIFS(개발일정표!$A:$A,$A$4,개발일정표!$H:$H,"<>삭제",개발일정표!$M:$M,"<>검수제외",개발일정표!$R:$R,"=L1",개발일정표!$S:$S,"=Y",개발일정표!$Q:$Q,"<="&$C$1) -> 0 | E4: =IF(C4=0,0,D4/C4) -> 0 | F4: =COUNTIFS(개발일정표!$A:$A,$A$4,개발일정표!$H:$H,"<>삭제",개발일정표!$T:$T,"<>검수제외",개발일정표!$Y:$Y,"=L1") -> 0 | G4: =COUNTIFS(개발일정표!$A:$A,$A$4,개발일정표!$H:$H,"<>삭제",개발일정표!$T:$T,"<>검수제외",개발일정표!$Y:$Y,"=L1",개발일정표!$Z:$Z,"=Y",개발일정표!$X:$X,"<="&$C$1) -> 0 | H4: =IF(F4=0,0,G4/F4) -> 0 | I4: =COUNTIFS(개발일정표!$A:$A,$A$4,개발일정표!$H:$H,"<>삭제",개발일정표!$AA:$AA,"<>검수제외",개발일정표!$AF:$AF,"=L1") -> 0 | J4: =COUNTIFS(개발일정표!$A:$A,$A$4,개발일정표!$H:$H,"<>삭제",개발일정표!$AA:$AA,"<>검수제외",개발일정표!$AF:$AF,"=L1",개발일정표!$AG:$AG,"=Y",개발일정표!$AE:$AE,"<="&$C$1) -> 0 | K4: =IF(I4=0,0,J4/I4) -> 0
B5: L2 | C5: =COUNTIFS(개발일정표!$A:$A,$A$4,개발일정표!$H:$H,"<>삭제",개발일정표!$M:$M,"<>검수제외",개발일정표!$R:$R,"=L2") -> 0 | D5: =COUNTIFS(개발일정표!$A:$A,$A$4,개발일정표!$H:$H,"<>삭제",개발일정표!$M:$M,"<>검수제외",개발일정표!$R:$R,"=L2",개발일정표!$S:$S,"=Y",개발일정표!$Q:$Q,"<="&$C$1) -> 0 | E5: =IF(C5=0,0,D5/C5) -> 0 | F5: =COUNTIFS(개발일정표!$A:$A,$A$4,개발일정표!$H:$H,"<>삭제",개발일정표!$T:$T,"<>검수제외",개발일정표!$Y:$Y,"=L2") -> 0 | G5: =COUNTIFS(개발일정표!$A:$A,$A$4,개발일정표!$H:$H,"<>삭제",개발일정표!$T:$T,"<>검수제외",개발일정표!$Y:$Y,"=L2",개발일정표!$Z:$Z,"=Y",개발일정표!$X:$X,"<="&$C$1) -> 0 | H5: =IF(F5=0,0,G5/F5) -> 0 | I5: =COUNTIFS(개발일정표!$A:$A,$A$4,개발일정표!$H:$H,"<>삭제",개발일정표!$AA:$AA,"<>검수제외",개발일정표!$AF:$AF,"=L2") -> 0 | J5: =COUNTIFS(개발일정표!$A:$A,$A$4,개발일정표!$H:$H,"<>삭제",개발일정표!$AA:$AA,"<>검수제외",개발일정표!$AF:$AF,"=L2",개발일정표!$AG:$AG,"=Y",개발일정표!$AE:$AE,"<="&$C$1) -> 0 | K5: =IF(I5=0,0,J5/I5) -> 0
B6: 소계 | C6: =SUM(C4:C5) -> 0 | D6: =SUM(D4:D5) -> 0 | E6: =IF(C6=0,0,D6/C6) -> 0 | F6: =SUM(F4:F5) -> 0 | G6: =SUM(G4:G5) -> 0 | H6: =IF(F6=0,0,G6/F6) -> 0 | I6: =SUM(I4:I5) -> 0 | J6: =SUM(J4:J5) -> 0 | K6: =IF(I6=0,0,J6/I6) -> 0
A7: 입고 | B7: L1 | C7: =COUNTIFS(개발일정표!$A:$A,$A$7,개발일정표!$H:$H,"<>삭제",개발일정표!$M:$M,"<>검수제외",개발일정표!$R:$R,"=L1") -> 0 | D7: =COUNTIFS(개발일정표!$A:$A,$A$7,개발일정표!$H:$H,"<>삭제",개발일정표!$M:$M,"<>검수제외",개발일정표!$R:$R,"=L1",개발일정표!$S:$S,"=Y",개발일정표!$Q:$Q,"<="&$C$1) -> 0 | E7: =IF(C7=0,0,D7/C7) -> 0 | F7: =COUNTIFS(개발일정표!$A:$A,$A$7,개발일정표!$H:$H,"<>삭제",개발일정표!$T:$T,"<>검수제외",개발일정표!$Y:$Y,"=L1") -> 0 | G7: =COUNTIFS(개발일정표!$A:$A,$A$7,개발일정표!$H:$H,"<>삭제",개발일정표!$T:$T,"<>검수제외",개발일정표!$Z:$Z,"=Y",개발일정표!$Y:$Y,"=L1",개발일정표!$X:$X,"<="&$C$1) -> 0 | H7: =IF(F7=0,0,G7/F7) -> 0 | I7: =COUNTIFS(개발일정표!$A:$A,$A$7,개발일정표!$H:$H,"<>삭제",개발일정표!$AA:$AA,"<>검수제외",개발일정표!$AF:$AF,"=L1") -> 0 | J7: =COUNTIFS(개발일정표!$A:$A,$A$7,개발일정표!$H:$H,"<>삭제",개발일정표!$AA:$AA,"<>검수제외",개발일정표!$AF:$AF,"=L1",개발일정표!$AG:$AG,"=Y",개발일정표!$AE:$AE,"<="&$C$1) -> 0 | K7: =IF(I7=0,0,J7/I7) -> 0
B8: L2 | C8: =COUNTIFS(개발일정표!$A:$A,$A$7,개발일정표!$H:$H,"<>삭제",개발일정표!$M:$M,"<>검수제외",개발일정표!$R:$R,"=L2") -> 0 | D8: =COUNTIFS(개발일정표!$A:$A,$A$7,개발일정표!$H:$H,"<>삭제",개발일정표!$M:$M,"<>검수제외",개발일정표!$R:$R,"=L2",개발일정표!$S:$S,"=Y",개발일정표!$Q:$Q,"<="&$C$1) -> 0 | E8: =IF(C8=0,0,D8/C8) -> 0 | F8: =COUNTIFS(개발일정표!$A:$A,$A$7,개발일정표!$H:$H,"<>삭제",개발일정표!$T:$T,"<>검수제외",개발일정표!$Y:$Y,"=L2") -> 0 | G8: =COUNTIFS(개발일정표!$A:$A,$A$7,개발일정표!$H:$H,"<>삭제",개발일정표!$T:$T,"<>검수제외",개발일정표!$Y:$Y,"=L2",개발일정표!$Z:$Z,"=Y",개발일정표!$X:$X,"<="&$C$1) -> 0 | H8: =IF(F8=0,0,G8/F8) -> 0 | I8: =COUNTIFS(개발일정표!$A:$A,$A$7,개발일정표!$H:$H,"<>삭제",개발일정표!$AA:$AA,"<>검수제외",개발일정표!$AF:$AF,"=L2") -> 0 | J8: =COUNTIFS(개발일정표!$A:$A,$A$7,개발일정표!$H:$H,"<>삭제",개발일정표!$AA:$AA,"<>검수제외",개발일정표!$AF:$AF,"=L2",개발일정표!$AG:$AG,"=Y",개발일정표!$AE:$AE,"<="&$C$1) -> 0 | K8: =IF(I8=0,0,J8/I8) -> 0
B9: 소계 | C9: =SUM(C7:C8) -> 0 | D9: =SUM(D7:D8) -> 0 | E9: =IF(C9=0,0,D9/C9) -> 0 | F9: =SUM(F7:F8) -> 0 | G9: =SUM(G7:G8) -> 0 | H9: =IF(F9=0,0,G9/F9) -> 0 | I9: =SUM(I7:I8) -> 0 | J9: =SUM(J7:J8) -> 0 | K9: =IF(I9=0,0,J9/I9) -> 0
A10: 출고 | B10: L1 | C10: =COUNTIFS(개발일정표!$A:$A,$A$10,개발일정표!$H:$H,"<>삭제",개발일정표!$M:$M,"<>검수제외",개발일정표!$R:$R,"=L1") -> 0 | D10: =COUNTIFS(개발일정표!$A:$A,$A$10,개발일정표!$H:$H,"<>삭제",개발일정표!$M:$M,"<>검수제외",개발일정표!$R:$R,"=L1",개발일정표!$S:$S,"=Y",개발일정표!$Q:$Q,"<="&$C$1) -> 0 | E10: =IF(C10=0,0,D10/C10) -> 0 | F10: =COUNTIFS(개발일정표!$A:$A,$A$10,개발일정표!$H:$H,"<>삭제",개발일정표!$T:$T,"<>검수제외",개발일정표!$Y:$Y,"=L1") -> 0 | G10: =COUNTIFS(개발일정표!$A:$A,$A$10,개발일정표!$H:$H,"<>삭제",개발일정표!$T:$T,"<>검수제외",개발일정표!$Y:$Y,"=L1",개발일정표!$Z:$Z,"=Y",개발일정표!$X:$X,"<="&$C$1) -> 0 | H10: =IF(F10=0,0,G10/F10) -> 0 | I10: =COUNTIFS(개발일정표!$A:$A,$A$10,개발일정표!$H:$H,"<>삭제",개발일정표!$AA:$AA,"<>검수제외",개발일정표!$AF:$AF,"=L1") -> 0 | J10: =COUNTIFS(개발일정표!$A:$A,$A$10,개발일정표!$H:$H,"<>삭제",개발일정표!$AA:$AA,"<>검수제외",개발일정표!$AF:$AF,"=L1",개발일정표!$AG:$AG,"=Y",개발일정표!$AE:$AE,"<="&$C$1) -> 0 | K10: =IF(I10=0,0,J10/I10) -> 0
B11: L2 | C11: =COUNTIFS(개발일정표!$A:$A,$A$10,개발일정표!$H:$H,"<>삭제",개발일정표!$M:$M,"<>검수제외",개발일정표!$R:$R,"=L2") -> 0 | D11: =COUNTIFS(개발일정표!$A:$A,$A$10,개발일정표!$H:$H,"<>삭제",개발일정표!$M:$M,"<>검수제외",개발일정표!$R:$R,"=L2",개발일정표!$S:$S,"=Y",개발일정표!$Q:$Q,"<="&$C$1) -> 0 | E11: =IF(C11=0,0,D11/C11) -> 0 | F11: =COUNTIFS(개발일정표!$A:$A,$A$10,개발일정표!$H:$H,"<>삭제",개발일정표!$T:$T,"<>검수제외",개발일정표!$Y:$Y,"=L2") -> 0 | G11: =COUNTIFS(개발일정표!$A:$A,$A$10,개발일정표!$H:$H,"<>삭제",개발일정표!$T:$T,"<>검수제외",개발일정표!$Y:$Y,"=L2",개발일정표!$Z:$Z,"=Y",개발일정표!$X:$X,"<="&$C$1) -> 0 | H11: =IF(F11=0,0,G11/F11) -> 0 | I11: =COUNTIFS(개발일정표!$A:$A,$A$10,개발일정표!$H:$H,"<>삭제",개발일정표!$AA:$AA,"<>검수제외",개발일정표!$AF:$AF,"=L2") -> 0 | J11: =COUNTIFS(개발일정표!$A:$A,$A$10,개발일정표!$H:$H,"<>삭제",개발일정표!$AA:$AA,"<>검수제외",개발일정표!$AF:$AF,"=L2",개발일정표!$AG:$AG,"=Y",개발일정표!$AE:$AE,"<="&$C$1) -> 0 | K11: =IF(I11=0,0,J11/I11) -> 0
B12: 소계 | C12: =SUM(C10:C11) -> 0 | D12: =SUM(D10:D11) -> 0 | E12: =IF(C12=0,0,D12/C12) -> 0 | F12: =SUM(F10:F11) -> 0 | G12: =SUM(G10:G11) -> 0 | H12: =IF(F12=0,0,G12/F12) -> 0 | I12: =SUM(I10:I11) -> 0 | J12: =SUM(J10:J11) -> 0 | K12: =IF(I12=0,0,J12/I12) -> 0
A13: 반입 | B13: L1 | C13: =COUNTIFS(개발일정표!$A:$A,$A$16,개발일정표!$H:$H,"<>삭제",개발일정표!$M:$M,"<>검수제외",개발일정표!$R:$R,"=L1") -> 0 | D13: =COUNTIFS(개발일정표!$A:$A,$A$16,개발일정표!$H:$H,"<>삭제",개발일정표!$M:$M,"<>검수제외",개발일정표!$R:$R,"=L1",개발일정표!$S:$S,"=Y",개발일정표!$Q:$Q,"<="&$C$1) -> 0 | E13: =IF(C13=0,0,D13/C13) -> 0 | F13: =COUNTIFS(개발일정표!$A:$A,$A$16,개발일정표!$H:$H,"<>삭제",개발일정표!$T:$T,"<>검수제외",개발일정표!$Y:$Y,"=L1") -> 0 | G13: =COUNTIFS(개발일정표!$A:$A,$A$16,개발일정표!$H:$H,"<>삭제",개발일정표!$T:$T,"<>검수제외",개발일정표!$Y:$Y,"=L1",개발일정표!$Z:$Z,"=Y",개발일정표!$X:$X,"<="&$C$1) -> 0 | H13: =IF(F13=0,0,G13/F13) -> 0 | I13: =COUNTIFS(개발일정표!$A:$A,$A$16,개발일정표!$H:$H,"<>삭제",개발일정표!$AA:$AA,"<>검수제외",개발일정표!$AF:$AF,"=L1") -> 0 | J13: =COUNTIFS(개발일정표!$A:$A,$A$16,개발일정표!$H:$H,"<>삭제",개발일정표!$AA:$AA,"<>검수제외",개발일정표!$AF:$AF,"=L1",개발일정표!$AG:$AG,"=Y",개발일정표!$AE:$AE,"<="&$C$1) -> 0 | K13: =IF(I13=0,0,J13/I13) -> 0
B14: L2 | C14: =COUNTIFS(개발일정표!$A:$A,$A$16,개발일정표!$H:$H,"<>삭제",개발일정표!$M:$M,"<>검수제외",개발일정표!$R:$R,"=L2") -> 0 | D14: =COUNTIFS(개발일정표!$A:$A,$A$16,개발일정표!$H:$H,"<>삭제",개발일정표!$M:$M,"<>검수제외",개발일정표!$R:$R,"=L2",개발일정표!$S:$S,"=Y",개발일정표!$Q:$Q,"<="&$C$1) -> 0 | E14: =IF(C14=0,0,D14/C14) -> 0 | F14: =COUNTIFS(개발일정표!$A:$A,$A$16,개발일정표!$H:$H,"<>삭제",개발일정표!$T:$T,"<>검수제외",개발일정표!$Y:$Y,"=L2") -> 0 | G14: =COUNTIFS(개발일정표!$A:$A,$A$16,개발일정표!$H:$H,"<>삭제",개발일정표!$T:$T,"<>검수제외",개발일정표!$Y:$Y,"=L2",개발일정표!$Z:$Z,"=Y",개발일정표!$X:$X,"<="&$C$1) -> 0 | H14: =IF(F14=0,0,G14/F14) -> 0 | I14: =COUNTIFS(개발일정표!$A:$A,$A$16,개발일정표!$H:$H,"<>삭제",개발일정표!$AA:$AA,"<>검수제외",개발일정표!$AF:$AF,"=L2") -> 0 | J14: =COUNTIFS(개발일정표!$A:$A,$A$16,개발일정표!$H:$H,"<>삭제",개발일정표!$AA:$AA,"<>검수제외",개발일정표!$AF:$AF,"=L2",개발일정표!$AG:$AG,"=Y",개발일정표!$AE:$AE,"<="&$C$1) -> 0 | K14: =IF(I14=0,0,J14/I14) -> 0
B15: 소계 | C15: =SUM(C13:C14) -> 0 | D15: =SUM(D13:D14) -> 0 | E15: =IF(C15=0,0,D15/C15) -> 0 | F15: =SUM(F13:F14) -> 0 | G15: =SUM(G13:G14) -> 0 | H15: =IF(F15=0,0,G15/F15) -> 0 | I15: =SUM(I13:I14) -> 0 | J15: =SUM(J13:J14) -> 0 | K15: =IF(I15=0,0,J15/I15) -> 0
A16: 반출 | B16: L1 | C16: =COUNTIFS(개발일정표!$A:$A,$A$16,개발일정표!$H:$H,"<>삭제",개발일정표!$M:$M,"<>검수제외",개발일정표!$R:$R,"=L1") -> 0 | D16: =COUNTIFS(개발일정표!$A:$A,$A$16,개발일정표!$H:$H,"<>삭제",개발일정표!$M:$M,"<>검수제외",개발일정표!$R:$R,"=L1",개발일정표!$S:$S,"=Y",개발일정표!$Q:$Q,"<="&$C$1) -> 0 | E16: =IF(C16=0,0,D16/C16) -> 0 | F16: =COUNTIFS(개발일정표!$A:$A,$A$16,개발일정표!$H:$H,"<>삭제",개발일정표!$T:$T,"<>검수제외",개발일정표!$Y:$Y,"=L1") -> 0 | G16: =COUNTIFS(개발일정표!$A:$A,$A$16,개발일정표!$H:$H,"<>삭제",개발일정표!$T:$T,"<>검수제외",개발일정표!$Y:$Y,"=L1",개발일정표!$Z:$Z,"=Y",개발일정표!$X:$X,"<="&$C$1) -> 0 | H16: =IF(F16=0,0,G16/F16) -> 0 | I16: =COUNTIFS(개발일정표!$A:$A,$A$16,개발일정표!$H:$H,"<>삭제",개발일정표!$AA:$AA,"<>검수제외",개발일정표!$AF:$AF,"=L1") -> 0 | J16: =COUNTIFS(개발일정표!$A:$A,$A$16,개발일정표!$H:$H,"<>삭제",개발일정표!$AA:$AA,"<>검수제외",개발일정표!$AF:$AF,"=L1",개발일정표!$AG:$AG,"=Y",개발일정표!$AE:$AE,"<="&$C$1) -> 0 | K16: =IF(I16=0,0,J16/I16) -> 0
B17: L2 | C17: =COUNTIFS(개발일정표!$A:$A,$A$16,개발일정표!$H:$H,"<>삭제",개발일정표!$M:$M,"<>검수제외",개발일정표!$R:$R,"=L2") -> 0 | D17: =COUNTIFS(개발일정표!$A:$A,$A$16,개발일정표!$H:$H,"<>삭제",개발일정표!$M:$M,"<>검수제외",개발일정표!$R:$R,"=L2",개발일정표!$S:$S,"=Y",개발일정표!$Q:$Q,"<="&$C$1) -> 0 | E17: =IF(C17=0,0,D17/C17) -> 0 | F17: =COUNTIFS(개발일정표!$A:$A,$A$16,개발일정표!$H:$H,"<>삭제",개발일정표!$T:$T,"<>검수제외",개발일정표!$Y:$Y,"=L2") -> 0 | G17: =COUNTIFS(개발일정표!$A:$A,$A$16,개발일정표!$H:$H,"<>삭제",개발일정표!$T:$T,"<>검수제외",개발일정표!$Y:$Y,"=L2",개발일정표!$Z:$Z,"=Y",개발일정표!$X:$X,"<="&$C$1) -> 0 | H17: =IF(F17=0,0,G17/F17) -> 0 | I17: =COUNTIFS(개발일정표!$A:$A,$A$16,개발일정표!$H:$H,"<>삭제",개발일정표!$AA:$AA,"<>검수제외",개발일정표!$AF:$AF,"=L2") -> 0 | J17: =COUNTIFS(개발일정표!$A:$A,$A$16,개발일정표!$H:$H,"<>삭제",개발일정표!$AA:$AA,"<>검수제외",개발일정표!$AF:$AF,"=L2",개발일정표!$AG:$AG,"=Y",개발일정표!$AE:$AE,"<="&$C$1) -> 0 | K17: =IF(I17=0,0,J17/I17) -> 0
B18: 소계 | C18: =SUM(C16:C17) -> 0 | D18: =SUM(D16:D17) -> 0 | E18: =IF(C18=0,0,D18/C18) -> 0 | F18: =SUM(F16:F17) -> 0 | G18: =SUM(G16:G17) -> 0 | H18: =IF(F18=0,0,G18/F18) -> 0 | I18: =SUM(I16:I17) -> 0 | J18: =SUM(J16:J17) -> 0 | K18: =IF(I18=0,0,J18/I18) -> 0
A19: 재고 | B19: L1 | C19: =COUNTIFS(개발일정표!$A:$A,$A$19,개발일정표!$H:$H,"<>삭제",개발일정표!$M:$M,"<>검수제외",개발일정표!$R:$R,"=L1") -> 0 | D19: =COUNTIFS(개발일정표!$A:$A,$A$19,개발일정표!$H:$H,"<>삭제",개발일정표!$M:$M,"<>검수제외",개발일정표!$R:$R,"=L1",개발일정표!$S:$S,"=Y",개발일정표!$Q:$Q,"<="&$C$1) -> 0 | E19: =IF(C19=0,0,D19/C19) -> 0 | F19: =COUNTIFS(개발일정표!$A:$A,$A$19,개발일정표!$H:$H,"<>삭제",개발일정표!$T:$T,"<>검수제외",개발일정표!$Y:$Y,"=L1") -> 0 | G19: =COUNTIFS(개발일정표!$A:$A,$A$19,개발일정표!$H:$H,"<>삭제",개발일정표!$T:$T,"<>검수제외",개발일정표!$Y:$Y,"=L1",개발일정표!$Z:$Z,"=Y",개발일정표!$X:$X,"<="&$C$1) -> 0 | H19: =IF(F19=0,0,G19/F19) -> 0 | I19: =COUNTIFS(개발일정표!$A:$A,$A$19,개발일정표!$H:$H,"<>삭제",개발일정표!$AA:$AA,"<>검수제외",개발일정표!$AF:$AF,"=L1") -> 0 | J19: =COUNTIFS(개발일정표!$A:$A,$A$19,개발일정표!$H:$H,"<>삭제",개발일정표!$AA:$AA,"<>검수제외",개발일정표!$AF:$AF,"=L1",개발일정표!$AG:$AG,"=Y",개발일정표!$AE:$AE,"<="&$C$1) -> 0 | K19: =IF(I19=0,0,J19/I19) -> 0
B20: L2 | C20: =COUNTIFS(개발일정표!$A:$A,$A$19,개발일정표!$H:$H,"<>삭제",개발일정표!$M:$M,"<>검수제외",개발일정표!$R:$R,"=L2") -> 0 | D20: =COUNTIFS(개발일정표!$A:$A,$A$19,개발일정표!$H:$H,"<>삭제",개발일정표!$M:$M,"<>검수제외",개발일정표!$R:$R,"=L2",개발일정표!$S:$S,"=Y",개발일정표!$Q:$Q,"<="&$C$1) -> 0 | E20: =IF(C20=0,0,D20/C20) -> 0 | F20: =COUNTIFS(개발일정표!$A:$A,$A$19,개발일정표!$H:$H,"<>삭제",개발일정표!$T:$T,"<>검수제외",개발일정표!$Y:$Y,"=L2") -> 0 | G20: =COUNTIFS(개발일정표!$A:$A,$A$19,개발일정표!$H:$H,"<>삭제",개발일정표!$T:$T,"<>검수제외",개발일정표!$Y:$Y,"=L2",개발일정표!$Z:$Z,"=Y",개발일정표!$X:$X,"<="&$C$1) -> 0 | H20: =IF(F20=0,0,G20/F20) -> 0 | I20: =COUNTIFS(개발일정표!$A:$A,$A$19,개발일정표!$H:$H,"<>삭제",개발일정표!$AA:$AA,"<>검수제외",개발일정표!$AF:$AF,"=L2") -> 0 | J20: =COUNTIFS(개발일정표!$A:$A,$A$19,개발일정표!$H:$H,"<>삭제",개발일정표!$AA:$AA,"<>검수제외",개발일정표!$AF:$AF,"=L2",개발일정표!$AG:$AG,"=Y",개발일정표!$AE:$AE,"<="&$C$1) -> 0 | K20: =IF(I20=0,0,J20/I20) -> 0
B21: 소계 | C21: =SUM(C19:C20) -> 0 | D21: =SUM(D19:D20) -> 0 | E21: =IF(C21=0,0,D21/C21) -> 0 | F21: =SUM(F19:F20) -> 0 | G21: =SUM(G19:G20) -> 0 | H21: =IF(F21=0,0,G21/F21) -> 0 | I21: =SUM(I19:I20) -> 0 | J21: =SUM(J19:J20) -> 0 | K21: =IF(I21=0,0,J21/I21) -> 0
A22: IF | B22: L1 | C22: =COUNTIFS(개발일정표!$A:$A,$A$22,개발일정표!$H:$H,"<>삭제",개발일정표!$M:$M,"<>검수제외",개발일정표!$R:$R,"=L1") -> 0 | D22: =COUNTIFS(개발일정표!$A:$A,$A$22,개발일정표!$H:$H,"<>삭제",개발일정표!$M:$M,"<>검수제외",개발일정표!$R:$R,"=L1",개발일정표!$S:$S,"=Y",개발일정표!$Q:$Q,"<="&$C$1) -> 0 | E22: =IF(C22=0,0,D22/C22) -> 0 | F22: =COUNTIFS(개발일정표!$A:$A,$A$22,개발일정표!$H:$H,"<>삭제",개발일정표!$T:$T,"<>검수제외",개발일정표!$Y:$Y,"=L1") -> 0 | G22: =COUNTIFS(개발일정표!$A:$A,$A$22,개발일정표!$H:$H,"<>삭제",개발일정표!$T:$T,"<>검수제외",개발일정표!$Y:$Y,"=L1",개발일정표!$Z:$Z,"=Y",개발일정표!$X:$X,"<="&$C$1) -> 0 | H22: =IF(F22=0,0,G22/F22) -> 0 | I22: =COUNTIFS(개발일정표!$A:$A,$A$22,개발일정표!$H:$H,"<>삭제",개발일정표!$AA:$AA,"<>검수제외",개발일정표!$AF:$AF,"=L1") -> 0 | J22: =COUNTIFS(개발일정표!$A:$A,$A$22,개발일정표!$H:$H,"<>삭제",개발일정표!$AA:$AA,"<>검수제외",개발일정표!$AF:$AF,"=L1",개발일정표!$AG:$AG,"=Y",개발일정표!$AE:$AE,"<="&$C$1) -> 0 | K22: =IF(I22=0,0,J22/I22) -> 0
B23: L2 | C23: =COUNTIFS(개발일정표!$A:$A,$A$22,개발일정표!$H:$H,"<>삭제",개발일정표!$M:$M,"<>검수제외",개발일정표!$R:$R,"=L2") -> 0 | D23: =COUNTIFS(개발일정표!$A:$A,$A$22,개발일정표!$H:$H,"<>삭제",개발일정표!$M:$M,"<>검수제외",개발일정표!$R:$R,"=L2",개발일정표!$S:$S,"=Y",개발일정표!$Q:$Q,"<="&$C$1) -> 0 | E23: =IF(C23=0,0,D23/C23) -> 0 | F23: =COUNTIFS(개발일정표!$A:$A,$A$22,개발일정표!$H:$H,"<>삭제",개발일정표!$T:$T,"<>검수제외",개발일정표!$Y:$Y,"=L2") -> 0 | G23: =COUNTIFS(개발일정표!$A:$A,$A$22,개발일정표!$H:$H,"<>삭제",개발일정표!$T:$T,"<>검수제외",개발일정표!$Y:$Y,"=L2",개발일정표!$Z:$Z,"=Y",개발일정표!$X:$X,"<="&$C$1) -> 0 | H23: =IF(F23=0,0,G23/F23) -> 0 | I23: =COUNTIFS(개발일정표!$A:$A,$A$22,개발일정표!$H:$H,"<>삭제",개발일정표!$AA:$AA,"<>검수제외",개발일정표!$AF:$AF,"=L2") -> 0 | J23: =COUNTIFS(개발일정표!$A:$A,$A$22,개발일정표!$H:$H,"<>삭제",개발일정표!$AA:$AA,"<>검수제외",개발일정표!$AF:$AF,"=L2",개발일정표!$AG:$AG,"=Y",개발일정표!$AE:$AE,"<="&$C$1) -> 0 | K23: =IF(I23=0,0,J23/I23) -> 0
B24: 소계 | C24: =SUM(C22:C23) -> 0 | D24: =SUM(D22:D23) -> 0 | E24: =IF(C24=0,0,D24/C24) -> 0 | F24: =SUM(F22:F23) -> 0 | G24: =SUM(G22:G23) -> 0 | H24: =IF(F24=0,0,G24/F24) -> 0 | I24: =SUM(I22:I23) -> 0 | J24: =SUM(J22:J23) -> 0 | K24: =IF(I24=0,0,J24/I24) -> 0
A25: 합계 | B25: L1 | C25: =C4+C7+C10+C13+C16+C19+C22 -> 0 | D25: =D4+D7+D10+D13+D16+D19+D22 -> 0 | E25: =IF(C25=0,0,D25/C25) -> 0 | F25: =F4+F7+F10+F13+F16+F19+F22 -> 0 | G25: =G4+G7+G10+G13+G16+G19+G22 -> 0 | H25: =IF(F25=0,0,G25/F25) -> 0 | I25: =I4+I7+I10+I13+I16+I19+I22 -> 0 | J25: =J4+J7+J10+J13+J16+J19+J22 -> 0 | K25: =IF(I25=0,0,J25/I25) -> 0 | L25: =C25+F25+I25 -> 0
B26: L2 | C26: =C5+C8+C11+C14+C17+C20+C23 -> 0 | D26: =D5+D8+D11+D14+D17+D20+D23 -> 0 | E26: =IF(C26=0,0,D26/C26) -> 0 | F26: =F5+F8+F11+F14+F17+F20+F23 -> 0 | G26: =G5+G8+G11+G14+G17+G20+G23 -> 0 | H26: =IF(F26=0,0,G26/F26) -> 0 | I26: =I5+I8+I11+I14+I17+I20+I23 -> 0 | J26: =J5+J8+J11+J14+J17+J20+J23 -> 0 | K26: =IF(I26=0,0,J26/I26) -> 0 | L26: =C26+F26+I26 -> 0
C27: =C24+C21+C18+C12+C9+C6 -> 0 | D27: =D24+D21+D18+D12+D9+D6 -> 0 | E27: =IF(C27=0,0,D27/C27) -> 0 | F27: =F24+F21+F18+F12+F9+F6 -> 0 | G27: =G24+G21+G18+G12+G9+G6 -> 0 | H27: =IF(F27=0,0,G27/F27) -> 0 | I27: =I24+I21+I18+I12+I9+I6 -> 0 | J27: =J24+J21+J18+J12+J9+J6 -> 0 | K27: =IF(I27=0,0,J27/I27) -> 0
A28: PDA | B28: L1 | C28: =COUNTIFS(개발일정표!$A:$A,$A$28,개발일정표!$H:$H,"<>삭제",개발일정표!$M:$M,"<>검수제외",개발일정표!$R:$R,"=L1") -> 0 | D28: =COUNTIFS(개발일정표!$A:$A,$A$28,개발일정표!$H:$H,"<>삭제",개발일정표!$M:$M,"<>검수제외",개발일정표!$R:$R,"=L1",개발일정표!$S:$S,"=Y",개발일정표!$Q:$Q,"<="&$C$1) -> 0 | E28: =IF(C28=0,0,D28/C28) -> 0 | F28: =COUNTIFS(개발일정표!$A:$A,$A$28,개발일정표!$H:$H,"<>삭제",개발일정표!$T:$T,"<>검수제외",개발일정표!$Y:$Y,"=L1") -> 0 | G28: =COUNTIFS(개발일정표!$A:$A,$A$28,개발일정표!$H:$H,"<>삭제",개발일정표!$T:$T,"<>검수제외",개발일정표!$Y:$Y,"=L1",개발일정표!$Z:$Z,"=Y",개발일정표!$X:$X,"<="&$C$1) -> 0 | H28: =IF(F28=0,0,G28/F28) -> 0 | I28: =COUNTIFS(개발일정표!$A:$A,$A$28,개발일정표!$H:$H,"<>삭제",개발일정표!$AA:$AA,"<>검수제외",개발일정표!$AF:$AF,"=L1") -> 0 | J28: =COUNTIFS(개발일정표!$A:$A,$A$28,개발일정표!$H:$H,"<>삭제",개발일정표!$AA:$AA,"<>검수제외",개발일정표!$AF:$AF,"=L1",개발일정표!$AG:$AG,"=Y",개발일정표!$AE:$AE,"<="&$C$1) -> 0 | K28: =IF(I28=0,0,J28/I28) -> 0
B29: L2 | C29: =COUNTIFS(개발일정표!$A:$A,$A$28,개발일정표!$H:$H,"<>삭제",개발일정표!$M:$M,"<>검수제외",개발일정표!$R:$R,"=L2") -> 0 | D29: =COUNTIFS(개발일정표!$A:$A,$A$28,개발일정표!$H:$H,"<>삭제",개발일정표!$M:$M,"<>검수제외",개발일정표!$R:$R,"=L2",개발일정표!$S:$S,"=Y",개발일정표!$Q:$Q,"<="&$C$1) -> 0 | E29: =IF(C29=0,0,D29/C29) -> 0 | F29: =COUNTIFS(개발일정표!$A:$A,$A$28,개발일정표!$H:$H,"<>삭제",개발일정표!$T:$T,"<>검수제외",개발일정표!$Y:$Y,"=L2") -> 0 | G29: =COUNTIFS(개발일정표!$A:$A,$A$28,개발일정표!$H:$H,"<>삭제",개발일정표!$T:$T,"<>검수제외",개발일정표!$Y:$Y,"=L2",개발일정표!$Z:$Z,"=Y",개발일정표!$X:$X,"<="&$C$1) -> 0 | H29: =IF(F29=0,0,G29/F29) -> 0 | I29: =COUNTIFS(개발일정표!$A:$A,$A$28,개발일정표!$H:$H,"<>삭제",개발일정표!$AA:$AA,"<>검수제외",개발일정표!$AF:$AF,"=L2") -> 0 | J29: =COUNTIFS(개발일정표!$A:$A,$A$28,개발일정표!$H:$H,"<>삭제",개발일정표!$AA:$AA,"<>검수제외",개발일정표!$AF:$AF,"=L2",개발일정표!$AG:$AG,"=Y",개발일정표!$AE:$AE,"<="&$C$1) -> 0 | K29: =IF(I29=0,0,J29/I29) -> 0
B30: 소계 | C30: =SUM(C28:C29) -> 0 | D30: =SUM(D28:D29) -> 0 | E30: =IF(C30=0,0,D30/C30) -> 0 | F30: =SUM(F28:F29) -> 0 | G30: =SUM(G28:G29) -> 0 | H30: =IF(F30=0,0,G30/F30) -> 0 | I30: =SUM(I28:I29) -> 0 | J30: =SUM(J28:J29) -> 0 | K30: =IF(I30=0,0,J30/I30) -> 0
A31: 총합계 | B31: L1 | C31: =C25+C28 -> 0 | D31: =D25+D28 -> 0 | E31: =IF(C31=0,0,D31/C31) -> 0 | F31: =F25+F28 -> 0 | G31: =G25+G28 -> 0 | H31: =IF(F31=0,0,G31/F31) -> 0 | I31: =I25+I28 -> 0 | J31: =J25+J28 -> 0 | K31: =IF(I31=0,0,J31/I31) -> 0 | L31: =C31+F31+I31 -> 0
B32: L2 | C32: =C26+C29 -> 0 | D32: =D26+D29 -> 0 | E32: =IF(C32=0,0,D32/C32) -> 0 | F32: =F26+F29 -> 0 | G32: =G26+G29 -> 0 | H32: =IF(F32=0,0,G32/F32) -> 0 | I32: =I26+I29 -> 0 | J32: =J26+J29 -> 0 | K32: =IF(I32=0,0,J32/I32) -> 0 | L32: =C32+F32+I32 -> 0
C33: =C27+C30 -> 0 | D33: =D27+D30 -> 0 | E33: =IF(C33=0,0,D33/C33) -> 0 | F33: =F27+F30 -> 0 | G33: =G27+G30 -> 0 | H33: =IF(F33=0,0,G33/F33) -> 0 | I33: =I27+I30 -> 0 | J33: =J27+J30 -> 0 | K33: =IF(I33=0,0,J33/I33) -> 0
B35: L3 | C35: =COUNTIFS(개발일정표!$H:$H,"<>삭제",개발일정표!$M:$M,"<>검수제외",개발일정표!$R:$R,"=L3") -> 0 | F35: =(COUNTIFS(개발일정표!$H:$H,"<>삭제",개발일정표!$T:$T,"<>검수제외",개발일정표!$Y:$Y,"=L3")) -> 0 | I35: =COUNTIFS(개발일정표!$H:$H,"<>삭제",개발일정표!$AA:$AA,"<>검수제외",개발일정표!$AF:$AF,"=L3") -> 0 | L35: =C35+F35+I35 -> 0
B36: 계 | C36: =C33+C35 -> 0 | F36: =F33+F35 -> 0 | I36: =I33+I35 -> 0 | L36: =L31+L32+L35 -> 0
A38: 미조치 | B38: L1 | D38: =C31-D31 -> 0 | G38: =F25-G25 -> 0 | J38: =I25-J25 -> 0
B39: L2 | D39: =C32-D32 -> 0 | G39: =F26-G26 -> 0 | J39: =I26-J26 -> 0
A41: 결함율 | B41: L1 | C41: =C31/C$36 -> #DIV/0! | F41: =F31/F$36 -> #DIV/0! | I41: =I31/I$36 -> #DIV/0! | L41: =L31/L$36 -> #DIV/0!
B42: L2 | C42: =C32/C$36 -> #DIV/0! | F42: =F32/F$36 -> #DIV/0! | I42: =I32/I$36 -> #DIV/0! | L42: =L32/L$36 -> #DIV/0!
B43: L3 | C43: =C35/C$36 -> #DIV/0! | F43: =F35/F$36 -> #DIV/0! | I43: =I35/I$36 -> #DIV/0! | L43: =L35/L$36 -> #DIV/0!
